;DRAFT;;;;;
469051683;PUBLISHED;2026-07-06;Jeanneau Sun Odyssey 40.3;2006;1190000;Jeanneau Sun Odyssey 40.3 – Velholdt turseiler med omfattend
465849917;SOLD;2026-06-03;Cormate Utility 23;2023;990000;Cormate Utility 23 - 2023 - Mercury VeradoV8 250 hk - Kun ca
469003382;PUBLISHED;2026-07-05;Riva Rivamare 38;2018;7490000;Riva Rivamare 38 - 2018 - 2 x Volvo Penta D6 - Godt utstyrt!
464987458;SOLD;2026-05-26;Nimbus 300R;2005;790000;Nimbus 300R - 2005 - D6-350HK - Oppgradert og velutstyrt!
467962002;SOLD;2026-06-24;Askeladden C83;2019;1150000;Askeladden C83 Cruiser
468771895;PUBLISHED;2026-07-03;Goldfish 29 Sport;2020;1490000;Goldfish 29 Sport - 2020 - KUN 216 timer - Godt utstyrt!
467300121;SOLD;2026-06-17;Axopar 28 Aft Cabin;2019;1150000;Axopar 28 Aft Cabin | Yamaha F350 V8 | Skipsregistrert
468638212;PUBLISHED;2026-07-01;Goldfish 30 Sport;2021;2150000;Goldfish 30 Sport - 2021 - Nydelig spec - V8 370 HK Diesel
459770435;PUBLISHED;2026-04-14;Sunseeker Predator 52;2011;5129000;Sunseeker Predator 52
468114431;PUBLISHED;2026-06-26;Nimbus T11;2022;3200000;Nimbus T11
467844702;PUBLISHED;2026-06-23;Nimbus Nova 300R;2007;890000;Nimbus Nova 300R MKII - Meget velholdt og betydelig oppgrade
420139787;PUBLISHED;2025-08-05;Goldfish 38 SuperSport;2018;2290000;Goldfish 38 Supersport - 2018 - Diesel
463736410;PUBLISHED;2026-05-15;Sunseeker Superhawk 48;1996;1049000;Sunseeker Superhawk 48
461852341;PUBLISHED;2026-05-02;Swan 53/55;1989;2950000;Nautor Swan 55 - unik moderne klassiker
461111695;SOLD;2026-04-24;Skilsø 39 Panorama;2024;5490000;Skilsø 39 Panorama - 1 eier - Yanmar og strake aksler
468140834;PUBLISHED;2026-06-26;Grand Golden Line 850;2017;679000;Grand G850 - 2 x Yamaha F200
465189315;PUBLISHED;2026-05-28;Draco RS 27;2015;835000;Ny pris - Draco 27 RS
466329492;PUBLISHED;2026-06-08;Marex 350 CC;2010;1800000;Marex 350 CC - Svært Velholdt - Storservice tatt
465941518;SOLD;2026-06-04;Beneteau Gran Turismo 38;2011;1890000;Beneteau 38 GT - Svært velholdt - Joystick - Skipsreg - Fina
461861590;PUBLISHED;2026-04-30;Quicksilver 875 Sundeck;2022;1190000;Quicksilver 875 Sundeck - Få timer! - Godt utstyrt!
465176950;PUBLISHED;2026-05-28;Dufour 385 Grand Large;2006;749000;Dufour 385GL – finans - thruster - full kalesje
458137038;PUBLISHED;2026-04-01;Storebro 420 Baltic;1994;1200000;Storebro 420 Baltic - prisreduksjon
461767727;PUBLISHED;2026-04-29;Goldfish 43 Ocean;2022;7900000;Goldfish 43 Ocean - 2022 - 2 x Yanmar 370 Diesel
422708929;PUBLISHED;2025-08-19;Seaside 23;2023;749000;SeaSide 23 - Norskbygget kvalitetsbåt - Kalesje, thruster og
423231471;PUBLISHED;2025-08-22;Goldfish 32 SC;2001;1050000;Goldfish 32 SC - 2001 - Vedlikeholdt og oppgradert
459340574;SOLD;2026-04-10;Goldfish 23 Tender MK2;2019;849000;Goldfish 23 Tender MK II
463628178;PUBLISHED;2026-05-14;Goldfish 43 Ocean;2022;7499000;Goldfish 43 Ocean - 2022 - 2 x Yanmar 370 Diesel - Yanmar VC
467475728;PUBLISHED;2026-06-19;Fjord Terne 21;2001;450000;Klassisk Fjord Terne 21 - inkl tilhenger
466002110;PUBLISHED;2026-06-05;SeaDan 400 Pro Fly;2006;1190000;SeaDan 400 Pro Fly | 3 lugarer | Flybridge | 2 x D6-350 | Sk
421658358;SOLD;2025-08-16;Grandezza 27S;2016;1030000;Grandezza 27S
467392603;PUBLISHED;2026-06-18;NordStar 34 Patrol;2017;3490000;NordStar 34 Patrol | X-tra Long Range | Fullspekket | Sjelde
467392210;PUBLISHED;2026-06-18;;;900000;Ønskes kjøpt - Goldfish 23 - 225HP
426100733;PUBLISHED;2025-09-08;Nimbus 230R;2007;399000;Nimbus 230R - full kalesje - D3 med solid servicehistorikk
461621633;PUBLISHED;2026-04-29;Dufour 385 GL;2004;849000;Dufour 385 GL - pen familieseiler - prisreduksjon
463730470;PUBLISHED;2026-05-15;Gobbi 425 SC;2004;1650000;Gobbi 425 SC – Oppgradert og velholdt - 2 kabiner 2 bad- KAD
467308592;PUBLISHED;2026-06-17;Andre Steeler Yachts 52S;2022;22000000;Steeler 52S Performance - 2022 - Joystick/Dockmate, Stabilis
462838357;SOLD;2026-05-08;Cormate SU23;2019;899000;Cormate SU23 - Mercury 6,2l V8 350HK (ny 2022) - Kun ca. 150
426671101;PUBLISHED;2025-09-12;Hydrolift undefined;2021;3095000;Hydrolift X-32S R - 3x Verado 300HK - Alt av utstyr - Må ses
458380820;SOLD;2026-04-03;Bavaria 330 Sport HT;2016;1849000;Bavaria 330 Sport HT
422855958;PUBLISHED;2025-08-25;Goldfish RIB Tender;2011;799000;Goldfish 29 RIB Tender
461844660;PUBLISHED;2026-05-02;Beneteau Oceanis 51,1;2022;5990000;Beneteau Oceanis 51.1 - Fullspekket med utstyr | Dock & Go |
460639033;PUBLISHED;2026-04-20;Chris Craft Catalina 26;2014;790000;Chris Craft Catalina 26
463243068;PUBLISHED;2026-05-13;Malö Yachts 42;1997;2490000;Malö 42
463362454;PUBLISHED;2026-05-12;Cormate T27;2015;1120000;Cormate T27 - 2015 - Mercruiser TDI 4,2l V8 370 HK - Full se
461876176;SOLD;2026-04-30;Goldfish 23 Tender;2019;790000;NY PRIS: Goldfish 23 Tender - 2019 - Mercury 225 - Kun én ei
462841249;SOLD;2026-05-08;Goldfish 38 SuperSport;2019;2399000;Goldfish 38 SuperSport – Build no. 023 – Twin 430 HK - Kun c
460791865;SOLD;2026-04-21;Nimbus W9 T-Top;2020;1390000;Nimbus W9 - 2020 - Mercury V8 300 HK - Elektrisk T-Top - God
465411193;SOLD;2026-05-30;Goldfish 30 Sport;2021;1749000;Goldfish 30 Sport - 2021 - Nydelig spec - Flexiteek - ca. 20
465837427;PUBLISHED;2026-06-03;Cormate T28;2025;2326900;Cormate T28 - 2025 - Mercruiser 6,2L V8 350 hk - Godt utstyr
428888135;PUBLISHED;2025-09-29;Storebro 430 Biscay Royal Cruiser;1997;2049000;Storebro 430 Biscay
458133784;PUBLISHED;2026-04-01;Bavaria 36 AC;2002;575000;Bavaria 36 AC - nyere seil - ny pris!
415726539;PUBLISHED;2025-07-06;Hanse 548;2019;7190000;Hanse 548 – kun seilt i Skandinavia
415929027;SOLD;2025-07-07;Hydrolift C-27;2009;910000;Hydrolift C-27 - Volvo Penta D6 - 370HK - Ny Cabriolet - Kun
354903797;PUBLISHED;2025-06-17;Andre undefined;1914;399000;Anker & Jensen 8mR - Carmen IV - bud er velkomne
356539525;PUBLISHED;2025-05-06;Riva Dolceriva 48;2022;16900000;UTSØKT: Riva Dolceriva 48 - 2022 - 2000 HK - Gyrostabilisato
465306772;PUBLISHED;2026-05-29;Cormate T27;2015;1275000;Cormate T27 - 2015 - Mercruiser 6,2L V8 350 HK - Nye manifol
462907080;SOLD;2026-05-08;Windy 27 Solano;2019;1490000;Windy 27 Solano - Volvo Penta V8 350 Bensin - Godt utstyrt!
465301930;PUBLISHED;2026-05-29;Cormate Chase 34;2021;2750000;Cormate Chase 34 - 2021 - 2 x Mercury 450R - Skipsreg/Finans
460791777;HIDDEN;2026-04-21;Nimbus 300R;2005;930000;Kommer for salg: Nimbus 300R - 2005 - D6-350HK - Oppgradert
462745693;PUBLISHED;2026-05-07;Axopar 37 Sun-top - Aftcabin;2018;1990000;Ny pris - Axopar 37 Sun-Top - 2 x Yamaha 300 hk (2023) - Mot
462422146;SOLD;2026-05-05;Cormate SU23;2016;749000;Cormate Super Utility 23 - Én eier - 154t
465067366;PUBLISHED;2026-05-27;Sea Ray 355 Sundancer;2005;890000;Sea Ray 355 Sundancer - Finans mulig!
412222028;DELETED;2025-06-11;Nimbus W9 T-Top;2020;1490000;Nimbus W9 - 2020 - Mercury V8 300 HK - Elektrisk T-Top - God
461631110;SOLD;2026-04-28;Axopar 28 Aft Cabin;2022;1280000;Axopar 28 aft Cabin - meget pen og velholdt - Skipsregistrer
464230659;PUBLISHED;2026-05-20;Nimbus C11;2021;4090000;Nimbus C11 - 2021 - Meget godt utstyrt - Joystick+ Skyhook
344830447;EXPIRED;2025-03-12;Nimbus C11;2021;4090000;Nimbus C11 - 2021 - Meget godt utstyrt - Joystick+ Skyhook
463514894;PUBLISHED;2026-05-13;Goldfish 28 RIB;2005;690000;Goldfish 28 RIB - Volvo Penta D6-350 - Skikkelig klassiker!
462858901;PUBLISHED;2026-05-08;Cormate Chase 34;2021;2490000;Cormate Chase 34 - 2021 - 2 x Mercruiser 350 V8 - 60 knop!
462731272;PUBLISHED;2026-05-07;Andre Campi 400;2023;1990000;Campi 400 - Hytte på sjøen - Finans mulig
414494894;SOLD;2025-06-27;Goldfish 23 Tender;2021;1140000;Goldfish 23 Tender - 2021 - Fullspekket!
438107098;EXPIRED;2025-11-20;Bavaria S30 Open;2021;1890000;Bavaria S30 Open - Volvo Penta - Kun 130 Timer - Finans muli
442884965;EXPIRED;2025-12-22;Andre Aegean Yacht;2006;84750000;Donna del Mare - Aeagean Yacht 38,4
418025396;PUBLISHED;2025-07-24;Jeanneau Sun Odyssey 519;2018;2490000;Jeanneau Sun Odyssey 519 - sertifikatfri
;DRAFT;;Cormate SU23;2016;775000;Cormate Super Utility 23 - Én eier - 154t
450417966;HIDDEN;2026-03-15;Malö Yachts 42;1997;2600000;Kommer for salg - Malö 42 - Sjelden mulighet
452637147;PUBLISHED;2026-02-25;;;1350000;Ønskes kjøpt: Axopar 28 Cabin med V8
438067333;EXPIRED;2025-11-20;Azimut undefined;2013;3850000;Azimut 40S - Klar for ny sesong
453796386;SOLD;2026-03-04;Goldfish 28 Bullet;2021;1340000;Goldfish 28 Bullet - 2021 - Mercury 8,2l 430 HK
;DRAFT;;undefined undefined;;;
;DRAFT;;undefined undefined;;;
414445002;SOLD;2025-06-27;Jeanneau Cap Camarat 925 WA;2008;475000;Jeanneau Cap Camarat 925 WA - Få timer!
437773498;SOLD;2025-11-19;Bavaria 36AC;2004;670000;Bavaria 36 AC - Perfekt førstegangsbåt og familieseiler
461109485;SOLD;2026-04-24;Goldfish 30 Sport;2021;1750000;Kommer for salg: Goldfish 30 Sport - 2021 - Svært godt utsty
434759926;SOLD;2025-10-30;Nimbus 300R;2005;930000;Kommer for salg: Nimbus 300R - 2005 - D6-350HK - Oppgradert
431865157;PUBLISHED;2025-10-13;Lagoon 52F;2018;8950000;Lagoon 52F - 2018 - 6+2 lugarer - Kan kjøpes ex.mva!
426364108;SOLD;2025-09-11;Bavaria undefined;2005;1050000;Bavaria 35 Sport - Mye utstyr - Høstpris!
430069542;PUBLISHED;2025-10-03;Goldfish undefined;2009;789000;Goldfish 29 RIB Tender - 420hk - #72
429581975;SOLD;2025-09-30;Nimbus W9;2020;1590000;Nimbus W9 - Kun 165 timer - Foliert
448547059;SOLD;2026-02-03;Nord West 370 Flybridge;2009;2200000;Nord West 370 Fly - Volvo Penta D4 - Finans mulig!
446092413;SOLD;2026-01-15;Scand 360 SE;2005;750000;Scand 360 SE
423937811;SOLD;2025-08-26;Nordkapp 905 Grand Coupe;2021;1420000;Nordkapp 905 Grand Coupe - kan selges momsfritt
456945578;SOLD;2026-03-23;Fairline Targa;2002;950000;Fairline Targa 34
450311073;SOLD;2026-02-09;Ibiza 811;2022;1250000;Ibiza 811 Touring - Suzuki DF350A - Duoprop - 270 Timer
436021051;SOLD;2025-11-07;Hanse 388;2021;1950000;Hanse 388: Perfekt kombinasjon av plass og seilglede!
453785927;SOLD;2026-03-04;Cormate SU23;2022;899000;Kommer for salg: Cormate SU23 - V8 350HK Bravo 1 - Kun ca. 1
406294355;HIDDEN;2025-05-04;Goldfish 38 SuperSport;2019;2499000;Goldfish 38 SuperSport – Build no. 023 – Twin 430 HK - Kun c
422559732;PUBLISHED;2025-08-18;Saxdor 320 GTC;2023;2590000;Saxdor 320 GTC - 2023 - Skipsreg/finans - Godt utstyrt!
449190899;SOLD;2026-02-03;Axopar 28 Aft Cabin;2022;1350000;Axopar 28 Cabin - kun ca 100t!
435829929;SOLD;2025-11-07;Delphia 40.3;2009;969000;Bud mottatt! - Delphia 40.3 - flott familiebåt til lav pris!
422513924;EXPIRED;2025-09-10;;;2300000;Kunde ønsker båt -vi søker på vegne av kjøper en Bavaria Cr4
426240045;EXPIRED;2025-09-10;;;3800000;Kunde ønsker båt -vi søker på vegne av kjøper en Baltic 52!
426239168;EXPIRED;2025-09-10;;;3500000;Kunde ønsker båt -vi søker på vegne av kjøper en Hallberg Ra
426240939;EXPIRED;2025-09-10;;;2500000;Kunde ønsker båt -vi søker på vegne av kjøper en Hanse 470e
425556075;SOLD;2025-09-05;Ibiza 811 Touring;2017;949000;Ibiza 811 - Alt av utstyr - Kun 340 timer - Bud mottas!
432179917;SOLD;2025-10-16;Nord West 370 Coupé;2010;1990000;Nord West 370 Coupé - Utstyrsbombe -
441457432;EXPIRED;2025-12-11;;;2000000;Nord West 370 Coupé - ønskes kjøpt!
429763768;SOLD;2025-10-01;Colin Archer København Cruiser;1981;1099000;Colin Archer 40 - Nyrestaurert - Salg pågår
399126303;EXPIRED;2025-03-24;Nordic Ocean Craft 50 Catamaran;2017;3000000;Unik husbåt med panoramautsikt – lev, bo og ferier på sjøen!
429596993;SOLD;2025-09-30;Skorgenes 350 Fly;2007;1389000;Skorgenes Nordic 350 Fly - Volvo Penta D6 - Thrustere foran
426240641;EXPIRED;2025-09-10;;;700000;Vi søker en Fjord Terne 28 for kunde
415605676;SOLD;2025-07-05;Fairline Squadron 55;2002;3290000;Fairline Squadron 55 - Høstkupp - Gi bud
437115161;EXPIRED;2025-11-14;Cranchi Mediterranee;2005;1890000;Cranchi 47 Mediterranee
425275959;SOLD;2025-09-03;Goldfish 28 Tender;2022;1290000;Goldfish 28 Tender - 2022 - Nydelig spec - #064
421509423;EXPIRED;2025-08-29;Hanse 388;2021;1950000;Hanse 388:Judel/ Vrolijk design - Perfekt kombinasjon av pla
417733631;SOLD;2025-07-22;Beneteau Oceanis 37;2012;1070000;Beneteau Oceanis 37 - Én eier - Høstpris
408454142;SOLD;2025-05-20;Ibiza 811 Touring;2019;1085000;Høstkupp! - Ibiza 811 T - Dobbel installasjon - 400HK - 330
433806038;EXPIRED;2025-10-25;;;950000;Paragon 25 Cabin ønskes kjøpt
415892751;SOLD;2025-07-09;Paragon 25 Cabin;2009;799000;Paragon 25 Cabin - kun ca 500t - Salg pågår
422688604;SOLD;2025-08-20;Elan Power 35 HT;2006;1350000;Elan Power 35 HT - 2x Volvo Penta D4 - Skipsreg/finans - God
429403492;SOLD;2025-09-29;Goldfish 28 Tender;2022;1349000;Goldfish 28 Tender - Hvit - Mercury 450R
421811121;SOLD;2025-08-14;Fjord Terne undefined;2001;640000;Fjord Terne 28 – Norsk design -tidløs klassiker med sjarm og
359077647;EXPIRED;2025-04-25;Bavaria S36HT;2020;2350000;Bavaria S36 HT - Topputstyrt - Høstpris!
430413183;EXPIRED;2025-10-05;Nimbus T9;2019;1490000;HØSTKUPP: Nimbus T9 – 2019 – Volvo Penta V8 – Kun ca. 40 tim
369336242;EXPIRED;2025-04-28;Nimbus T9;2019;1490000;HØSTKUPP: Nimbus T9 – 2019 – Volvo Penta V8 – Kun ca. 40 tim
401222113;EXPIRED;2025-04-04;Colin Archer København Cruiser;1981;1099000;Colin Archer 40 - Nyrestaurert!
422030629;SOLD;2025-08-17;Dufour 44 Performance;2006;1250000;Dufour 44 Performance – 10 soveplasser - SALG PÅGÅR
418004590;SOLD;2025-07-24;Jeanneau Sun Odyssey 36i;2008;749000;Jeanneau Sun Odyssey 36i - Salg pågår
424396137;SOLD;2025-08-29;Nordkapp 905 Grand Coupe;2020;1500000;Nordkapp 905 Grand Coupe - 2x200hk - Bud innkommet
427531653;EXPIRED;2025-09-17;Goldfish 28 Bullet;2021;1340000;Goldfish 28 Bullet - 2021 - Mercury 8,2l 430 HK
406877349;SOLD;2025-05-09;Nimbus W9 T-top;2018;1640000;Gi bud! - Nimbus W9 T-top - Kun 350 Timer - Mercury Verado 3
413200151;EXPIRED;2025-06-18;BRIG Eagle 8;2022;919000;BRIG Eagle 8 - Mercury V8 - Høstpris!
408762335;SOLD;2025-05-21;Hydrolift X-26 S Sportcruiser;2020;1190000;Hydrolift X-26 S - Mercury 400R - bud mottatt!
426711356;EXPIRED;2025-09-12;Beneteau 41 Swift Trawler Sedan;2021;4790000;Beneteau 41 Swift Trawler Sedan - 2021 - Meget godt utstyrt
425303875;SOLD;2025-09-04;Nidelv 300 Sport;2004;690000;Tidløs og attraktiv kvalitetsbåt: Nidelv 300 Sport- oppgrade
408481527;SOLD;2025-05-19;Grand Banks 52 Europa;2007;6900000;Grand Banks 52 Europa - Tidløs - Meget Oppgradert
414057110;SOLD;2025-06-24;Cormate Chase 35;2023;2550000;NY PRIS: Cormate Chase 35 - 2023 - 2 x Mercruiser 350 V8 - 6
421691002;SOLD;2025-08-13;Goldfish 30 Sport;2021;1690000;Goldfish 30 Sport - 2021 - Nydelig spec - Flexiteek - 130 ti
416771435;SOLD;2025-07-30;Fairline Targa;1999;1100000;Fairline 37 Targa
341902730;EXPIRED;2025-06-11;Beneteau undefined;2017;8900000;Beneteau MC6S - 2017 - Utstyrsbombe - Se video!
423024229;EXPIRED;2025-08-21;;;1500000;Hvit Goldfish 23 eller 28 Tender ønskes kjøpt - 2022 eller n
423009709;EXPIRED;2025-08-21;;;390000;Nimbus 230R 2008-2012
422706543;SOLD;2025-08-19;Nimbus 230R;2012;320000;Nimbus 230R - 2012 - ny motorblokk
412896626;SOLD;2025-06-24;Grandezza OC;2011;1200000;Grandezza 31 OC - Ferieklar - Flere oppgraderinger - 650 Tim
412861481;SOLD;2025-06-16;Capelli undefined;2017;789000;Capelli Tempest 900 WA - Topputsyrt - 2x Suzuki 300hk - Skip
414213414;SOLD;2025-06-26;Bavaria Cr41 - Style;2018;2230000;Bavaria Cr41 - Style: Premium-seilbåt med luksusfølelse, kom
407533450;SOLD;2025-05-13;Skorgenes Sonic 445 Fly;2012;3390000;Skorgenes Sonic 445 Fly - 2012 - Innbytteforslag kan vurdere
406733159;SOLD;2025-05-08;Fjord Terne;2006;479000;Fjord Terne 24
355862885;EXPIRED;2025-07-31;Pardo P43;2024;11950000;UNIK: Pardo P43 - 2024 - 2 x IPS 650 - Spesifiserbar mva.
413301370;SOLD;2025-06-19;Windy 35 Khamsin;2008;1889000;Klassiker: Windy 35 Khamsin - Volvo Penta D6-370 - Skipsreg
406537007;SOLD;2025-05-06;Windy Ghibli;2001;;Justert pris - Windy Ghibli 28 - Restaurert 2019 - Volvo Pen
412876425;SOLD;2025-06-16;Goldfish 28 Tender;2023;1590000;Goldfish 28 Tender - 2 x 300 Mercury - 2023 modell - 70 Knop
411234147;SOLD;2025-06-05;Cranchi 28 CSL;2007;549000;Cranchi 28 CSL - Bud mottatt!
402159737;SOLD;2025-04-10;Sandvik 945;2012;1;Sandvik 945
403065174;SOLD;2025-04-15;Princess 415;1989;999000;Princess 415
417253248;EXPIRED;2025-07-18;Andre Baltic Marine / Kragerø Trebåtbyggeri;2002;2700000;Baltic Marine / Kragerø Trebåtbyggeri 34
402355143;SOLD;2025-04-10;Askeladden C83;2021;1359000;Askeladden C83 - inkl båtplass
398334181;EXPIRED;2025-03-17;Goldfish 28 Tender;2022;1550000;Goldfish 28 Tender - 2 x 300 Mercury - 2022 modell - 70 Knop
412222331;SOLD;2025-06-11;Nimbus W9;2022;1580000;Nimbus W9 - 2022 - Mercury V8 300 HK - KUN 50 timer - Godt u
403081687;SOLD;2025-04-15;Nimbus Nova 230R;2005;365000;Nimbus Nova 230R - fantastisk skjærgårdscruiser!
406543909;SOLD;2025-05-06;Scand Baltic 29;2005;599000;Scand Baltic 29 - velholdt og velutstyrt!
412322618;SOLD;2025-06-12;Seaside 23;2023;799000;Seaside 23 - Norskbygget kvalitetsbåt - Kupp!
414167713;EXPIRED;2025-06-25;;;1500000;Goldfish 28 Bullet - Ønskes for kunde
403247167;EXPIRED;2025-04-16;Cormate Chase 35;2023;2799000;Cormate Chase 35 - 2023 - 2 x Mercruiser 350 V8 - 60 knop!
366536700;SOLD;2025-03-14;Axopar undefined;2023;2749000;Axopar 37 XC - Brabus line - 50 timer - Ekstrautstyr for 1.m
408141372;EXPIRED;2025-05-16;Windy 35 Khamsin;2008;1889000;Klassiker: Windy 35 Khamsin - Volvo Penta D6-370 - Skipsreg
361851362;SOLD;2025-05-28;Paragon undefined;2014;2190000;Paragon 31 FLY - Topputstyrt - 2x Volvo Penta D3-220
413066759;SOLD;2025-06-17;Goldfish 28 Bullet;2020;1140000;Goldfish 28 Bullet - 2020 - Mercury 450R
408103983;EXPIRED;2025-06-16;Fjord 40 Open;2007;3900000;Fjord 40 Open
383350736;EXPIRED;2025-06-17;Elan undefined;2021;5800000;For deg som ønsker deg litt videre: "Leap of faith" Elan GT
403614418;SOLD;2025-04-19;Baltic Custom;1998;3850000;Unik Baltic 52 Custom!
381568135;SOLD;2025-05-23;Hanse undefined;2020;2500000;Hanse 388 - Ytelse og komfort!
409058218;SOLD;2025-05-26;Windy Ghibli;2004;789000;Windy Ghibli 28 - Flere oppgraderinger - 430 Timer
407772528;SOLD;2025-05-13;Goldfish 30 Sport;2021;1849000;Goldfish 30 Sport - 2021 - Nydelig spec - Flexiteek - 140 ti
404439052;SOLD;2025-04-24;Goldfish 28 Tender;2011;699000;NY PRIS - Goldfish 28 Tender - #001 - 2 x 200 Evinrude
407773129;EXPIRED;2025-05-13;Goldfish 28 Tender;2023;1590000;Goldfish 28 Tender - 2 x 300 Mercury - 2023 modell - 70 Knop
359402923;SOLD;2025-05-23;Axopar 28 Open;2019;899000;Axopar 28 Open / Yamaha 300HK
409130235;SOLD;2025-05-26;Cormate Super Utility;2022;889000;Cormate Super Utility - 2022 - 350hk - 55 knop - 82 timer
407517760;SOLD;2025-05-15;Fjord Terne undefined;2000;750000;Fjord Terne 28 – Norsk design -tidløs klassiker med sjarm og
401264658;SOLD;2025-04-04;Axopar 25 Cross Bow;2023;799000;Axopar 25 Cross Bow
406501609;SOLD;2025-05-06;Swan 48;2000;3990000;Swan 48 - Bud mottatt
315481254;EXPIRED;2025-03-04;Nimbus W9;2022;1780000;Nimbus W9 - 2022 - Mercury V8 300 HK - KUN 50 timer - Godt u
370202631;SOLD;2025-05-23;Hydrolift S-24 Diablo;2010;699000;Hydrolift S-24 Diablo
369051868;EXPIRED;2025-04-28;Jeanneau Cap Camarat 925 WA;2008;690000;Jeanneau Cap Camarat 925 WA – 2 x 250 hk – Walkaround
404595185;EXPIRED;2025-04-25;Seaside 23;2023;849000;Seaside 23 - kan nå sees på vannet!
402905720;SOLD;2025-04-15;Nimbus Nova 230R;2007;399000;NY PRIS - Nimbus Nova 230R
371152044;EXPIRED;2025-04-07;Fairline Squadron 55;2002;3599000;Fairline Squadron 55 - MYE påkostet i senere tid - Klar for
358032896;EXPIRED;2025-05-07;Goldfish 28 Tender;2017;990000;Goldfish 28 Tender - Mercury 400R - 60 knop!
406500254;EXPIRED;2025-05-06;Andre Nordic;2018;3690000;Timeless Nordic - Tidløs eleganse - Aluminium
400057993;SOLD;2025-03-28;Goldfish 28 Tender;2017;1090000;Goldfish 28 Tender - 2017 - Nylakkert 2024 - Merc 400R
354009948;SOLD;2025-03-07;Hydrolift X-26S R;2020;1390000;Hydrolift X-26S R - 2020 Modell - 2 x Mercury Verado 300 V8
401773858;EXPIRED;2025-04-08;Scand Baltic 29;2005;675000;Scand Baltic 29 - NY PRIS
405212046;EXPIRED;2025-04-28;Goldfish 38 SuperSport;2019;2500000;Goldfish 38 SuperSport – Build no. 023 – Twin 430 HK - Kun c
376881141;SOLD;2025-04-24;Goldfish undefined;2023;1990000;Goldfish 30 Sport - 2023 - Svært godt utstyrt - T-Top - Kun
404506629;EXPIRED;2025-04-24;Goldfish 28 Tender;2023;1690000;Goldfish 28 Tender - 2 x 300 Mercury - 2023 modell - 70 Knop
404475287;EXPIRED;2025-04-24;;;3300000;Nordkapp Coupé 905 V12 Ønskes for kunde.
397844327;SOLD;2025-03-14;Goldfish 30 Sport;2021;2190000;SJELDEN MULIGHET: Goldfish 30 Sport - Diesel - 60 knop - Ski
365670078;SOLD;2025-03-12;Goldfish 30 Sport;2021;1840000;Goldfish 30 Sport - 2021 - Svært godt utstyrt!
401118797;EXPIRED;2025-04-03;;;1200000;Windy 28 Ghibli ønskes kjøpt
401114723;EXPIRED;2025-04-03;;;1150000;Goldfish 23 Tender ønskes for kunde
401110051;EXPIRED;2025-04-03;;;850000;Cormate 23 utility ønskes kjøpt for kunde
355050431;EXPIRED;2025-03-27;Goldfish 38 Sport;2023;4750000;Goldfish 38 Sport - 2023 - Twin Mercury Racing 8,7 - 1130 HK
399935127;EXPIRED;2025-03-27;Beneteau 41 Swift Trawler Sedan;2021;4990000;Beneteau 41 Swift Trawler Sedan - 2021 - Meget godt utstyrt
398933391;SOLD;2025-03-21;Rupert R6;2021;640000;Kjøremaskin: Rupert R6 - 2021 modell - Svært velholdt!
399559415;SOLD;2025-03-25;Dufour 385 Grand Large;2005;849000;Dufour 385 GL - letthåndtert familiebåt - klar for tur!
397817485;SOLD;2025-03-14;Goldfish 28 Bullet;2023;1590000;Kommer for salg: Goldfish 28 Bullet - 2023 - Mercury 6,2l 35
398427080;EXPIRED;2025-03-18;Seaside 23;2023;890000;Seaside 23 - Norskbygget kvalitetsbåt - Må oppleves!
397834501;EXPIRED;2025-03-14;Goldfish 28 Tender;2023;1790000;Goldfish 28 Tender - 2 x 300 Mercury - 2023 modell - 70 Knop
357045493;EXPIRED;2025-03-12;Nimbus T11;2023;4490000;Nimbus T11 - X-Edition - Levert ny våren 2023 - Joystick ink
383349899;EXPIRED;2024-12-03;8 meter undefined;1939;750000;8mCr Jac M. Iversen H20 SY Marina - nytt teakdekk- ny mast -
396440848;EXPIRED;2025-03-05;Askeladden C83 Cruiser;2021;1499000;Kommer for salg: Askeladden C83 Cruiser - Utstyrsbombe - Ski
360443075;EXPIRED;2025-03-04;Windy 39 Camira;2014;3749000;Windy Camira 39 - Topputstyrt - 2x Volvo Penta D6-400 - Skip
294157725;EXPIRED;2025-03-04;;;1900000;Hanse 445 ønskes for kunde
370062237;SOLD;2024-09-12;Windy undefined;2004;789000;BUD INNKOMMET! Windy 28 Ghibli Nylig motor- og drev service
369824776;EXPIRED;2024-09-08;Beneteau Monte Carlo 37;2007;1329000;Beneteau Monte Carlo 37 - Svært godt utstyrt - Skipsreg - Fi
353279937;EXPIRED;2025-02-19;Nimbus W9 T-Top;2020;1590000;Nimbus W9 - 2020 - Mercury V8 300 HK - Elektrisk T-Top - God
358724593;EXPIRED;2024-06-25;Windy undefined;1994;319000;Ny pris! Windy 8000 - Tidløs - Oppgradert - Overhalt motor
359584923;EXPIRED;2024-07-02;Fjord Terne undefined;1997;559000;Fjord Terne 24 / Service hvert år siden 2002 / Lagret innend
361219941;EXPIRED;2024-07-14;Flipper undefined;2017;1250000;Flipper 880 / Soft top / Velholdt / Mercury Verado 350 / Kun
361330240;EXPIRED;2024-07-19;Grand Banks undefined;2009;5490000;Grand Banks Eastbay SX45 / Sjelden mulighet / Topp utstyrt
362540580;EXPIRED;2024-07-29;Nordkapp undefined;2021;929000;Nordkapp Noblesse 720 / Mercury Verado V8 / Highline+
367863473;EXPIRED;2024-08-30;BRIG undefined;2022;1049000;BRIG Eagle 8 / Topp utstyrt / Hypalon carbon tubes
362543884;EXPIRED;2024-07-25;Sealine undefined;2007;1890000;Bud innkommet / Sealine SC39 / Topputstyrt / 2 stk. Volvo Pe
364262571;SOLD;2024-08-09;Fairline undefined;2000;1999000;Høstpris / Fairline Phantom 43 / Flybridge / Flott blåfarget
359430510;SOLD;2024-07-01;Cruisers undefined;2007;1500000;Ny pris! Cruisers 395 Motoryacht / Nylig motor-vedlikehold f
354378511;SOLD;2024-05-25;Wally undefined;2007;4862500;NY PRIS: Wally 45 Tender - Betydelig oppgradert - Kan kjøpes
366616788;SOLD;2024-08-21;Andre undefined;2022;6970000;Nautitech 40 Open / Owners version / Middelhavsdrømmen
356660097;EXPIRED;2024-06-11;Goldfish undefined;2004;579000;Goldfish 25 Rib - frieksos m/silent choice - ny propell - Fu
358040450;EXPIRED;2024-06-28;Cranchi undefined;2006;2590000;Vinteropplag inkludert! Cranchi Mediterrane 47 - 2x Volvo Pe
365803624;SOLD;2024-08-15;Goldfish undefined;2023;1950000;Ny pris: Goldfish 30 Sport - 2023 - 100 timer!
364081232;SOLD;2024-08-04;Goldfish 50 Ocean;2013;5900000;Goldfish 50 Ocean - Opp mot 60 knop!
364229956;SOLD;2024-08-09;Grandezza undefined;2019;1300000;Betydlig redusert pris! Grandezza 28 OC / Fullspekket med ut
369899516;EXPIRED;2024-09-13;Goldfish 30 Sport T-Top;2023;2300000;Goldfish 30 Sport - 2023 - Svært godt utstyrt - T-Top - Kun
357192444;EXPIRED;2024-06-27;Bavaria undefined;2005;680000;Ny pris før opplag: Bavaria 38Cr - 3 lugarer - rulleseil!
369193308;SOLD;2024-09-09;Cormate undefined;2022;849000;SOLGT! Cormate SU23 / V8 350HK Bravo 1 / Kun 65 timer
349126419;SOLD;2024-05-24;Sweden Yachts C41R;1982;450000;Sardinia: Sweden Yachts C41R: Performance utgave - #C510 - N
354656944;SOLD;2024-05-28;Hanse 445;2012;2100000;Hanse 445: Allrounderen - vunnet Færderseilasen - kan omgjør
361275699;EXPIRED;2024-07-15;Technohull undefined;2023;2790000;Technohull GTX 36 / Godt utstyrt / 2x300 Mercury Verado / Un
364610996;SOLD;2024-08-08;Goldfish 23 Tender MKIII;2020;970000;Goldfish 23 Tender MKIII - 2020 - Godt utstyrt - 55 knop!
356486413;SOLD;2024-06-10;Goldfish undefined;2022;1740000;Goldfish 28 Tender - 2 x 300 Mercury - 2022 modell - 70 Knop
364721148;EXPIRED;2024-08-09;Wauquiez Centurion 42;1987;790000;En nydelig klassiker: Wauquiez 42 #29: Racer/Cruiser!
363126495;SOLD;2024-07-29;Cormate undefined;2018;749000;Bud innkommet! Cormate SU23 - Ocean Green / VAG Diesel / Ser
361411812;EXPIRED;2024-07-16;Goldfish undefined;2016;2250000;Goldfish 38 Supersport - 2016 - Diesel - Carbon build - Bety
357464397;EXPIRED;2024-06-16;Goldfish undefined;2022;2260000;Goldfish 30 Sport - Mercury 8.2 MAG 430 - Få timer - Nydelig
366092823;EXPIRED;2024-08-19;Nimbus undefined;2006;950000;Nimbus 300R - 2006 modell - D6-350HK - Velutstyrt!
357847408;EXPIRED;2024-06-19;Axopar undefined;2023;2990000;Axopar 37 XC - Brabus line - 50 timer - Ekstrautstyr for 1.m
360394778;SOLD;2024-07-08;Beneteau Gran Turismo 38;2012;1890000;BUD INNKOMMET: Beneteau 38 GT - Svært velholdt - Joystick -
360181546;SOLD;2024-07-06;Ibiza undefined;2012;330000;Ibiza 25 Sport Cabin - Tøff familieracer like under 50 knop
357816189;SOLD;2024-06-18;Marex undefined;2021;3990000;SOMMERKUPP: Marex 360 CC - 2021 - Toppspekket - Skipsreg/Fin
352677627;SOLD;2024-05-13;Windy undefined;2008;990000;BUD INNKOMMET: Windy 28 Ghibli - Volvo 5,7 GXI - Svært oppgr
355093285;EXPIRED;2024-05-31;Goldfish undefined;2021;2140000;Goldfish 30 Sport - 2021 - Nydelig spec - Flexiteek - 125 ti
356905807;SOLD;2024-06-12;Capelli undefined;2008;495000;KUPP: Capelli Tempest 900 WA - 2008 - Godt utstyrt - Velhold
355863906;EXPIRED;2024-06-06;Beneteau Gran Turismo 38;2012;1990000;Beneteau Gran Turismo 38 - Svært velholdt - Joystick - Skips
355905739;SOLD;2024-06-11;Nimbus undefined;2005;1290000;Når du vet hva du vil ha: Nimbus 380 Commander - Velholdt -
355037478;SOLD;2024-05-31;Fjord Terne undefined;2001;770000;BUD MOTTAS: Fjord Terne 28 - Svært pen - Yanmar 222 HK - God
357915566;SOLD;2024-06-19;Cormate SU23;2021;890000;NY PRIS: Cormate SU23 - 2021 - Meget godt utstyrt - 60 knop
356774196;SOLD;2024-06-12;Najad 343;1985;670000;Eleganse med gode sjøegenskaper: Najad 343- master lugar - n
353205618;EXPIRED;2024-05-16;Cormate undefined;2021;940000;Cormate SU23 - 2021 - Meget godt utstyrt - 60 knop - Kun 70
354903806;EXPIRED;2024-05-29;Andre undefined;1914;549000;Anker & Jensen 8mR Carmen IV - H45- Cruiser/ Racer - Klasset
353304563;SOLD;2024-05-16;Goldfish 28 Tender;2020;1590000;Goldfish 28 Tender - 2 x Mercury 450R - 80 knop - 2020 model
351849026;SOLD;2024-05-18;Fairline undefined;1999;1390000;Fairline Targa 43: Stil - Ytelse og comfort - Godt utstyrt -
354263499;EXPIRED;2024-05-24;Elan undefined;2021;5800000;For deg som ønsker deg litt videre: "Leap of faith" Elan GT
351949436;EXPIRED;2024-05-15;Jeanneau undefined;1994;370000;Jeanneau Sun Fast 36: Tilstandsrapport - nytt storseil!
