finnkode;type;dato;verdi
463362454;BUMP;2026-05-12;
463362454;PRICE_REDUCED;2026-05-28;1190000
463362454;PRICE_REDUCED;2026-06-11;1120000
463362454;PRICE_REDUCED;2026-07-26;1080000
468114431;BUMP;2026-06-26;
458133784;BUMP;2026-04-01;
458133784;PRICE_REDUCED;2026-04-14;640000
458133784;PRICE_REDUCED;2026-05-11;620000
458133784;PRICE_REDUCED;2026-06-01;575000
458133784;PRICE_REDUCED;2026-07-29;525000
461844660;BUMP;2026-05-02;
461844660;PRICE_REDUCED;2026-06-15;5990000
460639033;BUMP;2026-04-20;
460639033;PRICE_REDUCED;2026-06-15;790000
459770435;BUMP;2026-04-14;
459770435;PRICE_REDUCED;2026-04-23;5329000
459770435;PRICE_REDUCED;2026-07-01;5129000
459770435;PRICE_REDUCED;2026-07-29;4800000
422708929;BUMP;2025-08-19;
422708929;PRICE_REDUCED;2025-09-19;849000
422708929;PRICE_REDUCED;2025-10-27;845000
422708929;BUMP;2026-03-23;
422708929;PRICE_REDUCED;2026-04-10;825000
422708929;PRICE_REDUCED;2026-06-08;750000
422708929;PRICE_REDUCED;2026-06-23;749000
423231471;BUMP;2025-08-22;
423231471;BUMP;2026-03-04;
423231471;PRICE_REDUCED;2026-06-18;1050000
423231471;PRICE_RAISED;2026-06-21;1190000
423231471;PRICE_REDUCED;2026-06-21;1050000
415726539;BUMP;2025-07-06;
415726539;BUMP;2026-01-14;
415726539;BUMP;2026-07-24;
354903797;BUMP;2025-06-17;
354903797;BUMP;2026-04-10;
354903797;PRICE_REDUCED;2026-04-15;399000
470583653;BUMP;2026-07-23;
470583653;PRICE_RAISED;2026-07-23;575000
466002110;BUMP;2026-06-05;
466002110;PRICE_REDUCED;2026-06-18;1190000
467392603;BUMP;2026-06-18;
469051683;BUMP;2026-07-06;
463243068;BUMP;2026-05-13;
463243068;PRICE_REDUCED;2026-06-15;2490000
461621633;BUMP;2026-04-29;
461621633;PRICE_REDUCED;2026-06-18;849000
467844702;BUMP;2026-06-23;
467844702;PRICE_REDUCED;2026-07-01;890000
467844702;PRICE_REDUCED;2026-07-16;840000
461852341;BUMP;2026-05-02;
418025396;BUMP;2025-07-24;
418025396;PRICE_REDUCED;2025-10-15;2490000
418025396;BUMP;2026-02-02;
426100733;BUMP;2025-09-08;
426100733;PRICE_REDUCED;2025-11-10;459000
426100733;BUMP;2026-03-15;
426100733;PRICE_REDUCED;2026-05-08;430000
426100733;PRICE_REDUCED;2026-06-18;399000
468638212;BUMP;2026-07-01;
468638212;PRICE_REDUCED;2026-07-09;2050000
470538673;BUMP;2026-07-23;
469832341;BUMP;2026-07-15;
465189315;BUMP;2026-05-28;
465189315;PRICE_REDUCED;2026-06-25;835000
468771895;BUMP;2026-07-03;
470004031;BUMP;2026-07-17;
467475728;BUMP;2026-06-19;
469003382;BUMP;2026-07-05;
469003382;PRICE_REDUCED;2026-07-19;6900000
466329492;BUMP;2026-06-08;
466329492;PRICE_REDUCED;2026-07-08;1749000
466329492;PRICE_REDUCED;2026-07-14;1690000
428888135;BUMP;2025-09-29;
428888135;PRICE_REDUCED;2025-12-02;2049000
428888135;BUMP;2026-04-01;
467308592;BUMP;2026-06-17;
467308592;PRICE_REDUCED;2026-07-08;19900000
462731272;BUMP;2026-05-07;
462731272;PRICE_REDUCED;2026-07-08;1799000
463736410;BUMP;2026-05-15;
463736410;PRICE_REDUCED;2026-06-08;1049000
467962002;BUMP;2026-06-24;
467300121;BUMP;2026-06-17;
469167476;BUMP;2026-07-07;
465849917;BUMP;2026-06-03;
465849917;PRICE_REDUCED;2026-06-17;990000
422559732;BUMP;2025-08-18;
422559732;BUMP;2026-03-04;
422559732;PRICE_REDUCED;2026-07-08;2490000
420139787;BUMP;2025-08-05;
420139787;BUMP;2026-03-04;
420139787;PRICE_REDUCED;2026-07-08;2090000
464987458;BUMP;2026-05-26;
464987458;PRICE_REDUCED;2026-06-01;849000
464987458;PRICE_REDUCED;2026-06-15;799000
464987458;PRICE_REDUCED;2026-06-15;790000
468140834;BUMP;2026-06-26;
465941518;BUMP;2026-06-04;
461861590;BUMP;2026-04-30;
461861590;PRICE_REDUCED;2026-06-24;1190000
461767727;BUMP;2026-04-29;
465176950;BUMP;2026-05-28;
465176950;PRICE_REDUCED;2026-06-03;799000
465176950;PRICE_REDUCED;2026-06-24;749000
458137038;BUMP;2026-04-01;
458137038;PRICE_REDUCED;2026-05-04;1499000
458137038;PRICE_REDUCED;2026-06-01;1350000
458137038;PRICE_REDUCED;2026-06-23;1200000
421658358;BUMP;2025-08-16;
421658358;BUMP;2026-03-20;
461111695;BUMP;2026-04-24;
461111695;PRICE_REDUCED;2026-05-19;5815000
461111695;PRICE_RAISED;2026-05-19;5850000
461111695;PRICE_REDUCED;2026-06-01;5700000
461111695;PRICE_REDUCED;2026-06-23;5490000
463628178;PRICE_REDUCED;2026-05-14;7499000
463628178;BUMP;2026-05-14;
459340574;BUMP;2026-04-10;
459340574;PRICE_REDUCED;2026-04-21;889000
459340574;PRICE_REDUCED;2026-05-26;849000
467392210;BUMP;2026-06-18;
462838357;BUMP;2026-05-08;
460791865;BUMP;2026-04-21;
458380820;BUMP;2026-04-03;
461876176;BUMP;2026-04-30;
461876176;PRICE_REDUCED;2026-05-22;860000
461876176;PRICE_REDUCED;2026-05-28;790000
461876176;BUMP;2026-05-28;
422855958;BUMP;2025-08-25;
422855958;PRICE_REDUCED;2026-04-30;849000
422855958;BUMP;2026-04-30;
422855958;PRICE_REDUCED;2026-06-17;799000
465411193;BUMP;2026-05-30;
462841249;BUMP;2026-05-08;
426671101;BUMP;2025-09-12;
426671101;BUMP;2026-03-17;
426671101;PRICE_REDUCED;2026-06-17;3095000
463730470;BUMP;2026-05-15;
465837427;BUMP;2026-06-03;
465301930;BUMP;2026-05-29;
465306772;BUMP;2026-05-29;
465067366;BUMP;2026-05-27;
460791777;BUMP;2026-04-21;
462745693;BUMP;2026-05-07;
462745693;PRICE_REDUCED;2026-05-28;1990000
462907080;BUMP;2026-05-08;
415929027;BUMP;2025-07-07;
415929027;BUMP;2026-03-05;
415929027;PRICE_REDUCED;2026-04-28;910000
356539525;BUMP;2025-05-06;
356539525;PRICE_REDUCED;2026-05-29;16900000
356539525;BUMP;2026-05-29;
462422146;BUMP;2026-05-05;
462422146;PRICE_REDUCED;2026-05-22;749000
464230659;BUMP;2026-05-20;
412222028;BUMP;2025-06-11;
412222028;BUMP;2026-03-04;
463514894;BUMP;2026-05-13;
450417966;BUMP;2026-03-15;
461631110;BUMP;2026-04-28;
438107098;BUMP;2025-11-20;
344830447;BUMP;2025-03-12;
462858901;BUMP;2026-05-08;
414494894;BUMP;2025-06-27;
414494894;BUMP;2026-03-06;
442884965;BUMP;2025-12-22;
452637147;BUMP;2026-02-25;
453796386;BUMP;2026-03-04;
430069542;BUMP;2025-10-03;
430069542;BUMP;2026-04-10;
434759926;BUMP;2025-10-30;
434759926;PRICE_RAISED;2026-04-21;930000
414445002;BUMP;2025-06-27;
414445002;PRICE_REDUCED;2025-08-27;520000
414445002;PRICE_REDUCED;2025-09-22;475000
414445002;BUMP;2026-04-20;
437773498;BUMP;2025-11-19;
426364108;BUMP;2025-09-11;
438067333;BUMP;2025-11-20;
431865157;BUMP;2025-10-13;
431865157;PRICE_REDUCED;2026-04-20;8950000
431865157;BUMP;2026-04-20;
453785927;BUMP;2026-03-04;
450311073;BUMP;2026-02-10;
446092413;BUMP;2026-01-15;
449190899;BUMP;2026-02-03;
456945578;BUMP;2026-03-23;
448547059;BUMP;2026-02-03;
436021051;BUMP;2025-11-07;
406294355;BUMP;2025-05-04;
406294355;PRICE_REDUCED;2026-03-04;2499000
406294355;BUMP;2026-03-04;
429581975;BUMP;2025-09-30;
429581975;PRICE_RAISED;2025-10-02;1590000
429581975;BUMP;2026-04-10;
423937811;BUMP;2025-08-26;
423937811;PRICE_REDUCED;2025-10-08;1420000
423937811;BUMP;2026-02-23;
441457432;BUMP;2025-12-11;
422513924;BUMP;2025-09-10;
426240045;BUMP;2025-09-10;
426240939;BUMP;2025-09-10;
426239168;BUMP;2025-09-10;
425556075;BUMP;2025-09-05;
435829929;BUMP;2025-11-07;
435829929;PRICE_REDUCED;2025-12-01;969000
429763768;BUMP;2025-10-01;
432179917;BUMP;2025-10-16;
399126303;BUMP;2025-03-24;
399126303;PRICE_REDUCED;2025-10-06;3000000
399126303;BUMP;2025-10-06;
425275959;BUMP;2025-09-03;
433806038;BUMP;2025-10-25;
426240641;BUMP;2025-09-10;
426240641;PRICE_REDUCED;2025-10-20;700000
415892751;BUMP;2025-07-09;
417733631;BUMP;2025-07-22;
417733631;PRICE_REDUCED;2025-10-13;1070000
429596993;BUMP;2025-09-30;
429596993;PRICE_REDUCED;2025-11-21;1389000
421509423;BUMP;2025-08-29;
421509423;PRICE_REDUCED;2025-10-08;2000000
421509423;PRICE_REDUCED;2025-11-04;1950000
437115161;BUMP;2025-11-14;
408454142;BUMP;2025-05-20;
408454142;PRICE_REDUCED;2025-09-15;1085000
415605676;BUMP;2025-07-05;
415605676;PRICE_REDUCED;2025-08-21;3290000
359077647;BUMP;2025-04-25;
359077647;PRICE_REDUCED;2025-09-09;2400000
359077647;PRICE_REDUCED;2025-10-06;2350000
430413183;BUMP;2025-10-05;
369336242;BUMP;2025-04-28;
369336242;PRICE_REDUCED;2025-10-01;1490000
422688604;BUMP;2025-08-20;
401222113;BUMP;2025-04-04;
401222113;PRICE_REDUCED;2025-10-01;1099000
418004590;BUMP;2025-07-24;
418004590;PRICE_REDUCED;2025-08-28;749000
424396137;BUMP;2025-08-29;
421811121;BUMP;2025-08-14;
429403492;BUMP;2025-09-29;
429403492;PRICE_REDUCED;2025-10-08;1349000
422030629;BUMP;2025-08-17;
422030629;PRICE_REDUCED;2025-08-23;1360000
422030629;PRICE_REDUCED;2025-09-19;1250000
413200151;BUMP;2025-06-18;
413200151;PRICE_REDUCED;2025-09-15;919000
427531653;BUMP;2025-09-17;
421691002;BUMP;2025-08-13;
426711356;BUMP;2025-09-12;
416771435;BUMP;2025-07-30;
406877349;BUMP;2025-05-09;
414057110;BUMP;2025-06-24;
408762335;BUMP;2025-05-21;
408762335;PRICE_REDUCED;2025-08-21;1190000
425303875;BUMP;2025-09-04;
408481527;BUMP;2025-05-19;
423024229;BUMP;2025-08-21;
423024229;PRICE_RAISED;2025-08-21;1500000
423009709;BUMP;2025-08-21;
423009709;PRICE_RAISED;2025-08-21;390000
412896626;BUMP;2025-06-24;
341902730;BUMP;2025-06-11;
422706543;BUMP;2025-08-19;
407533450;BUMP;2025-05-13;
406733159;BUMP;2025-05-08;
355862885;BUMP;2025-07-31;
414213414;BUMP;2025-06-26;
412861481;BUMP;2025-06-16;
412876425;BUMP;2025-06-16;
412222331;BUMP;2025-06-11;
398334181;BUMP;2025-03-17;
406537007;BUMP;2025-05-06;
417253248;BUMP;2025-07-18;
411234147;BUMP;2025-06-05;
403065174;BUMP;2025-04-15;
402355143;BUMP;2025-04-10;
413301370;BUMP;2025-06-19;
402159737;BUMP;2025-04-10;
403081687;BUMP;2025-04-15;
414167713;BUMP;2025-06-25;
408141372;BUMP;2025-05-16;
403247167;BUMP;2025-04-16;
406543909;BUMP;2025-05-06;
412322618;BUMP;2025-06-12;
361851362;BUMP;2025-05-28;
408103983;BUMP;2025-06-16;
366536700;BUMP;2025-03-14;
413066759;BUMP;2025-06-17;
407773129;BUMP;2025-05-13;
407772528;BUMP;2025-05-13;
409058218;BUMP;2025-05-26;
404439052;BUMP;2025-04-24;
359402923;BUMP;2025-05-23;
409130235;BUMP;2025-05-26;
403614418;BUMP;2025-04-19;
407517760;BUMP;2025-05-15;
381568135;BUMP;2025-05-23;
383350736;BUMP;2025-06-17;
370202631;BUMP;2025-05-23;
315481254;BUMP;2025-03-04;
401264658;BUMP;2025-04-04;
406500254;BUMP;2025-05-06;
406501609;BUMP;2025-05-06;
402905720;BUMP;2025-04-15;
369051868;BUMP;2025-04-28;
358032896;BUMP;2025-05-07;
371152044;BUMP;2025-04-07;
404595185;BUMP;2025-04-25;
401118797;BUMP;2025-04-03;
376881141;BUMP;2025-04-24;
404506629;BUMP;2025-04-24;
354009948;BUMP;2025-03-07;
400057993;BUMP;2025-03-28;
365670078;BUMP;2025-03-12;
397844327;BUMP;2025-03-14;
401773858;BUMP;2025-04-08;
404475287;BUMP;2025-04-24;
405212046;BUMP;2025-04-28;
401110051;BUMP;2025-04-03;
401114723;BUMP;2025-04-03;
355050431;BUMP;2025-03-27;
397817485;BUMP;2025-03-14;
399559415;BUMP;2025-03-25;
357045493;BUMP;2025-03-12;
399935127;BUMP;2025-03-27;
397834501;BUMP;2025-03-14;
398933391;BUMP;2025-03-21;
398427080;BUMP;2025-03-18;
396440848;BUMP;2025-03-05;
294157725;BUMP;2025-03-04;
360443075;BUMP;2025-03-04;
353279937;BUMP;2025-02-19;
