Populære søk,Klikk,Visninger,Klikkfrekvens,Plassering
house of yachts,1905,6084,31.31%,8.5
house of yachts oslo,314,421,74.58%,1.06
house of yacht,138,235,58.72%,2.49
goldfish 50 ocean,119,2441,4.88%,2.5
nimbus 250r,110,693,15.87%,11.35
nimbus 300r,109,747,14.59%,10.4
house of yachts norway,105,121,86.78%,1
sandvik 945,96,2543,3.78%,13.32
båtmegler,71,1445,4.91%,5.3
riviera 925,70,1909,3.67%,5.76
seabreacher norge,69,95,72.63%,1.07
windy 7500,66,1158,5.7%,3.64
houseofyachts,66,128,51.56%,5.38
fjord terne 24,65,1009,6.44%,4.22
house of yachts as,64,144,44.44%,1.99
nidelv 725,61,807,7.56%,2.52
targa 27.1,55,485,11.34%,9.02
nidelv 725 sport,46,627,7.34%,3.51
scand baltic 29,45,1924,2.34%,8.6
yacht,41,27056,0.15%,9.42
marex 280 holiday,41,788,5.2%,27.73
swift trawler 34,41,433,9.47%,25.67
nordkapp 760 noblesse,40,473,8.46%,4.36
beneteau swift trawler 34,40,375,10.67%,13.83
nimbus 230r,39,632,6.17%,16.52
sandvik 945 til salgs,39,315,12.38%,2.06
windy 35 khamsin,38,842,4.51%,8.14
aquador 26 dc,37,875,4.23%,25.18
fjord terne,34,1078,3.15%,6.49
goldfish 50 ocean pris,34,339,10.03%,3.61
in excess yacht,34,159,21.38%,2.03
riva dolceriva 48,32,337,9.5%,5.92
princess 25m,31,351,8.83%,12.41
nimbus nova 35,31,338,9.17%,11.08
skorgenes 445,30,454,6.61%,4.24
sargo 25,29,652,4.45%,10.15
arctic blue 27,29,337,8.61%,4.08
bavaria vision 40,28,978,2.86%,36.99
kjøpe båt i utlandet,27,1456,1.85%,9.79
nordkapp noblesse 760,27,827,3.26%,6.82
nimbus w9,24,933,2.57%,9.51
nordic star 32,24,189,12.7%,1.87
askeladden c83,23,2921,0.79%,10.34
windy 44 chinook,23,218,10.55%,7.53
sindre jacobsen,22,836,2.63%,7.04
dolceriva 48,22,218,10.09%,4.38
fairline phantom 48,21,713,2.95%,33.69
fairline squadron 55,21,567,3.7%,18.45
viksund 310 st cruz,21,532,3.95%,3.25
seabreacher,21,505,4.16%,6.28
nordic ocean craft,21,502,4.18%,11.12
nimbus 230 r,21,265,7.92%,28.83
nimbus 33 nova,21,233,9.01%,19.82
seabreacher norge pris,21,58,36.21%,1.33
windy khamsin 35,20,528,3.79%,4.84
goldfish 50,20,483,4.14%,3.13
nimbus 320 coupe,20,408,4.9%,20.62
bavaria 44 vision,20,244,8.2%,18.94
paragon 31 fly,20,213,9.39%,5.33
dufour 385 grand large,19,384,4.95%,29.74
in excess,19,267,7.12%,5.64
dufour 385,18,392,4.59%,33.99
fleming 58,17,702,2.42%,8.89
nimbus 280 coupe,17,627,2.71%,46.95
nimbus 230,17,378,4.5%,27.99
bostrøm 31,17,348,4.89%,4.61
sandvik 945 til salg,17,143,11.89%,14.68
anytec 860 spd,17,107,15.89%,13.59
beneteau swift trawler,16,320,5%,5.58
goldfish x12 pris,16,146,10.96%,5.69
axopar 28 open,15,517,2.9%,9.09
marex 370 acc,15,409,3.67%,11.82
scand baltic 29 spesifikasjoner,15,354,4.24%,4.3
nimbus 250,15,300,5%,24.32
nimbus 250 r,15,233,6.44%,27.91
windy chinook,15,220,6.82%,6.75
chris craft corsair 25,15,219,6.85%,9.94
riviera 925 fly,15,207,7.25%,3.52
nimbus 305 drophead,15,188,7.98%,10.62
sandvik 945 test,15,150,10%,6.07
windy khamsin,14,549,2.55%,8.74
windy 37 grand mistral,14,425,3.29%,12.84
nimbus 300 r,14,224,6.25%,32.95
nordic star båt,14,185,7.57%,1.37
henrik bratz,14,38,36.84%,1.66
båter,13,3871,0.34%,4.4
scand baltic,13,1511,0.86%,7.85
yacht til salgs,13,804,1.62%,7.99
white shark båt,13,493,2.64%,5.63
elan 37,13,465,2.8%,31.44
nimbus nova,13,446,2.91%,5.32
boston whaler 190 outrage,13,296,4.39%,40.22
goldfish ocean 50,13,194,6.7%,2.61
figaro 2 for sale,13,49,26.53%,20.27
goldfish 29 sport,12,1149,1.04%,9.5
nimbus 33,12,515,2.33%,32.28
nimbus 320,12,507,2.37%,18.63
nimbus 35 nova,12,468,2.56%,19.69
nimbus 35,12,357,3.36%,12.49
windy 26 kharma,12,353,3.4%,20.02
fjord 40 open,12,312,3.85%,7.11
candela c8 pris,12,110,10.91%,6.79
windy chinook 44,12,91,13.19%,2.96
fjordterne,11,976,1.13%,6.75
marex 375,11,823,1.34%,8.88
yacht oslo,11,591,1.86%,5.7
yacht norge,11,557,1.97%,10.16
paragon 25,11,556,1.98%,14.83
quicksilver 905 pilothouse,11,379,2.9%,19.39
windy 35,11,283,3.89%,15.53
bavaria 35 sport,11,273,4.03%,11.04
candela c8,11,263,4.18%,12.44
bavaria vision 44,11,252,4.37%,16.74
nimbus 30s,11,174,6.32%,13.03
nimbus nova 29,11,161,6.83%,15.5
figaro 2,11,160,6.88%,22.92
axopar 25 cross bow,11,149,7.38%,8.65
nautibuoy,11,127,8.66%,37.85
axopar 28,10,2272,0.44%,10.58
goldfish 23 tender,10,1934,0.52%,8.53
goldfish 30 sport,10,1680,0.6%,8.02
askeladden c80,10,1225,0.82%,6.81
goldfish 38 supersport,10,1149,0.87%,7.83
viksund 310,10,377,2.65%,4.05
nimbus 29 nova,10,200,5%,20.93
marex 375 pris,10,171,5.85%,8.91
goldfish 28 rib,10,102,9.8%,2.95
båter til salgs,9,1992,0.45%,12.72
bavaria 40 vision,9,1687,0.53%,44.23
bavaria 40,9,489,1.84%,27.99
jon olsson båt,9,398,2.26%,17.85
fairline targa 37,9,359,2.51%,21.8
princess 415,9,303,2.97%,11.73
sandvik 945 båt,9,177,5.08%,4.3
marex 360 cc,9,156,5.77%,25.2
windy kharma,9,84,10.71%,3.27
bavaria s36 ht,9,58,15.52%,10.07
nimbus 230r test,9,40,22.5%,9.12
yatch,8,5432,0.15%,9.29
riviera båt,8,488,1.64%,6.1
fjord 40,8,411,1.95%,6.3
bavaria 40 cruiser,8,343,2.33%,7.31
nimbus 300,8,302,2.65%,32.75
grandezza 31 oc,8,295,2.71%,9.2
elan 35 ht,8,222,3.6%,38.26
nimbus 34 nova,8,191,4.19%,27.87
nimbus 34,8,166,4.82%,9.62
nord west 370,8,149,5.37%,2.53
riva 48 dolceriva,8,130,6.15%,15.73
beneteau figaro 2,8,77,10.39%,27.45
white shark 298,8,63,12.7%,36.87
jeanette arntzen,8,56,14.29%,2.7
sun odyssey 49 ds,8,48,16.67%,9.6
nordkapp noblesse 760 rs,8,39,20.51%,6.49
kjøpe seilbåt i utlandet,7,4071,0.17%,18.79
stor båt,7,1026,0.68%,2.08
nimbus c11,7,752,0.93%,17.8
nordkapp 760,7,446,1.57%,7.51
paragon 31,7,330,2.12%,8.07
nimbus 30,7,303,2.31%,25.41
hanse 355,7,111,6.31%,9.98
marex holiday,7,106,6.6%,8.19
grandezza 31,7,104,6.73%,6.08
nimbus nova 33,7,95,7.37%,20.64
beneteau swift trawler 41,7,82,8.54%,6.5
nautibuoy marine,7,73,9.59%,19.45
fjordterne 24,7,61,11.48%,2.82
dolce riva 48,7,51,13.73%,3.29
viksund 290 st cruz,7,18,38.89%,1.22
nimbus 320 coupe til salg,7,10,70%,18.6
riva,6,1271,0.47%,8.61
oslo yacht,6,1145,0.52%,13.19
riva dolceriva,6,444,1.35%,12.89
askeladden c83 cruiser,6,404,1.49%,7.22
båtmeglere,6,228,2.63%,8.8
jeanneau 519,6,178,3.37%,3.73
anytec 860,6,169,3.55%,42.07
marex 360cc,6,71,8.45%,6.06
jeanneau 49 ds,6,62,9.68%,4.02
nidelv 725 sport test,6,51,11.76%,6
nimbus nova 34,6,48,12.5%,14.67
hydrolift s24 diablo,6,39,15.38%,2.64
bavaria e34 fly,6,38,15.79%,23.11
nimbus 230 nova,6,26,23.08%,8.38
jeanneau cap camarat 925 wa,6,18,33.33%,4.94
goldfish 30 sc,5,819,0.61%,17.5
candela c-8,5,795,0.63%,16.96
yacht pris,5,711,0.7%,7.21
skorgenes,5,554,0.9%,10.92
yacht båt,5,536,0.93%,5.93
nimbus t11,5,464,1.08%,11.78
goldfish 23,5,453,1.1%,8.95
nimbus t9,5,446,1.12%,10.37
nordkapp 720,5,443,1.13%,10.71
flipper 760 dc,5,379,1.32%,19.67
marex 360,5,360,1.39%,8.64
aquador 26,5,359,1.39%,25.09
windy grand mistral 37,5,355,1.41%,9.59
cormate t27,5,251,1.99%,13.11
askeladden c80 cruiser,5,224,2.23%,8.47
windy grand mistral,5,189,2.65%,7.12
askeladden c83 pris,5,138,3.62%,9.86
windy 44,5,122,4.1%,7.55
nimbus 32,5,115,4.35%,7.54
noblesse 760,5,111,4.5%,5.7
fairline 48 phantom,5,93,5.38%,28.82
jeanneau sun odyssey 36i,5,90,5.56%,5.37
archambault a31,5,83,6.02%,28.48
båt 40 fot,5,80,6.25%,7.84
chris craft 25 corsair,5,75,6.67%,29.95
figaro 2 sailboat,5,63,7.94%,27.86
azimut 47 flybridge,5,55,9.09%,8.25
bavaria sport 35,5,39,12.82%,4.13
goldfish 50 ocean for sale,5,39,12.82%,5.23
fairline 37 targa,5,32,15.62%,13.66
chris craft carina 21,5,27,18.52%,10.56
nimbus båt,4,1401,0.29%,12.05
targa 37,4,1110,0.36%,8.02
goldfish 29,4,1083,0.37%,9.58
targa 44,4,1025,0.39%,8.11
goldfish 38,4,916,0.44%,8.41
hydrolift s24,4,800,0.5%,8.49
scand 29 baltic,4,693,0.58%,34.37
cormate 27,4,649,0.62%,10.76
goldfish tender 23,4,577,0.69%,7.76
sjekkliste kjøp av båt,4,492,0.81%,5.6
cormate chase 35,4,453,0.88%,6.76
dolceriva,4,434,0.92%,9.73
ibiza 811,4,333,1.2%,9.76
axopar 37,4,295,1.36%,9.03
weekendcruiser,4,292,1.37%,6.38
goldfish 38 sport,4,263,1.52%,6.84
28 fot båt,4,259,1.54%,4.24
hanse 548,4,234,1.71%,22.74
boström 31,4,226,1.77%,43.86
bavaria 44,4,217,1.84%,15.34
bavaria 37 cruiser 2006,4,214,1.87%,15.98
flemming 58,4,191,2.09%,5.25
goldfish 23 tender pris,4,177,2.26%,7.08
bavaria 330 sport,4,153,2.61%,16.98
azimut 47,4,126,3.17%,7.14
nordic oceancraft,4,105,3.81%,9.9
swift trawler 41,4,96,4.17%,6.72
fairline 55,4,85,4.71%,8.05
riviera 925 flybridge,4,81,4.94%,7.58
bavaria 360 sport,4,75,5.33%,15.51
40 fot seilbåt,4,67,5.97%,4.46
sunseeker 44,4,59,6.78%,4.41
jeanneau 36i,4,56,7.14%,4.39
bavaria e34,4,56,7.14%,8.61
beneteau trawler 34,4,47,8.51%,4.64
dufour 385 gl,4,46,8.7%,18
nimbus 30 fot,4,45,8.89%,4.13
skorgenes 350 nordic,4,41,9.76%,11.34
nimbus nova 230r,4,39,10.26%,2.92
dufour 44 performance,4,37,10.81%,4.3
paragon 31 flybridge,4,37,10.81%,8.14
nimbus nova 250r,4,31,12.9%,5.94
nimbus drophead 305,4,29,13.79%,4.76
nimbus nova 30 s,4,29,13.79%,11.69
nimbus nova 35 ht,4,28,14.29%,4.18
grand banks 47,4,24,16.67%,5.54
house yachts,4,21,19.05%,62.76
elan power 35 ht,4,20,20%,6.75
storebro 430,4,15,26.67%,3.2
beneteau figaro 2 for sale,4,14,28.57%,7.79
princess 415 for sale,4,11,36.36%,4
goldfish x12,3,1504,0.2%,8.48
goldfish 28 bullet,3,918,0.33%,17.33
kjøpe brukt båt,3,857,0.35%,13.6
goldfish 32,3,597,0.5%,18.39
quicksilver 905,3,455,0.66%,36.38
fairline squadron,3,421,0.71%,7.14
candela båt,3,415,0.72%,7.83
goldfish 30,3,388,0.77%,7.55
sandvik båt,3,381,0.79%,8.77
riva båt pris,3,354,0.85%,9.2
goldfish tender 28,3,291,1.03%,12.16
goldfish tender,3,251,1.2%,12.41
delphia 40.3,3,185,1.62%,33.17
swift trawler,3,175,1.71%,7.07
selge båt til utlandet,3,175,1.71%,11.76
sunseeker camargue 44,3,139,2.16%,13.4
yachts for sale,3,135,2.22%,14.84
paragon 25 cabin,3,134,2.24%,10.62
marex 280,3,132,2.27%,10.17
axopar 25,3,128,2.34%,8.91
skorgenes 350,3,122,2.46%,5.3
axopar 37 cabin,3,115,2.61%,6.86
squadron 55,3,105,2.86%,6.03
bayliner avanti 4085,3,104,2.88%,21.09
nimbus 280,3,104,2.88%,31.86
bavaria 37,3,100,3%,11.45
goldfish 30 sport pris,3,88,3.41%,5.49
nova båt,3,73,4.11%,7.51
arctic blue rib,3,70,4.29%,12.76
dolce riva,3,66,4.55%,7.17
phantom 48,3,62,4.84%,30.18
nord west 370 coupe,3,57,5.26%,6.77
nordkapp 760 noblesse test,3,57,5.26%,8.04
nimbus w9 pris,3,49,6.12%,10.57
boston whaler outrage 190,3,45,6.67%,34.22
nimbus drophead,3,41,7.32%,8.73
chris craft corsair 28,3,41,7.32%,18.2
ocean 50,3,37,8.11%,5.38
grand banks 52 europa,3,36,8.33%,8.22
askeladden 26 fot,3,32,9.38%,4.62
fjord terne 24 test,3,29,10.34%,5.69
dufour grand large 385,3,29,10.34%,19.9
goldfish 50 open,3,25,12%,4.4
archambault 31,3,25,12%,10.76
windy 44 chinook for sale,3,20,15%,22.1
jeanneau 49ds,3,12,25%,6.75
kjøpe båt,2,2885,0.07%,26.89
goldfish 28 tender,2,1216,0.16%,10.43
nordkapp noblesse 720,2,718,0.28%,30.38
candela,2,690,0.29%,12.18
goldfish 38 supersport pris,2,611,0.33%,7.77
yachts,2,460,0.43%,7.21
goldfish 28,2,434,0.46%,12.01
riva 48,2,418,0.48%,21.06
flipper 760,2,376,0.53%,13.4
targa 44 pris,2,312,0.64%,8.12
cormate 23 test,2,310,0.65%,13.2
bostrøm,2,233,0.86%,7.08
bruktbåt,2,218,0.92%,17.57
salg av båter,2,212,0.94%,12.21
windy 39 camira,2,203,0.99%,13.15
windy 28 ghibli,2,186,1.08%,10.83
windy ghibli,2,182,1.1%,10.18
nimbus 29,2,144,1.39%,6.83
windy ghibli 28,2,142,1.41%,9.35
targa 37 pris,2,140,1.43%,8.79
goldfish ocean,2,124,1.61%,9.04
noblesse 720,2,122,1.64%,10.81
windy 26,2,120,1.67%,19.67
bostrøm b31,2,109,1.83%,14.7
marex holiday 280,2,104,1.92%,17.92
bostrom 31,2,104,1.92%,29.26
nimbus 30 s,2,89,2.25%,38.52
chris craft corsair,2,80,2.5%,6.25
windy camira,2,76,2.63%,8.83
bavaria 35,2,75,2.67%,5.03
riva norge,2,66,3.03%,7.88
båt 25 fot,2,62,3.23%,8.85
tempest 1000,2,57,3.51%,7.56
sun odyssey 36i,2,55,3.64%,5.2
nimbus 25 båt,2,53,3.77%,1.25
bavaria 330,2,51,3.92%,15.75
candela båt pris,2,50,4%,17.92
jeanneau sun odyssey 49,2,50,4%,51.12
nordkapp noblesse 760 specs,2,49,4.08%,3.96
grand banks 52,2,49,4.08%,5.92
windy camira 39,2,49,4.08%,7.06
sandvik 945 for sale,2,49,4.08%,18.02
tender 23,2,47,4.26%,5.02
bavaria vision,2,47,4.26%,9.94
nimbus t9 pris,2,45,4.44%,7.56
boston whaler outrage,2,44,4.55%,6.23
nimbus 23 båt,2,41,4.88%,2.39
sun odyssey 519,2,41,4.88%,10.88
bavaria 37 ac,2,38,5.26%,3.5
fleming 58 yacht,2,38,5.26%,9.58
sonic 445,2,36,5.56%,3.69
chris craft 25,2,36,5.56%,6.78
50 ocean,2,36,5.56%,13.39
swift 34,2,34,5.88%,8.12
grandessa 31,2,33,6.06%,4.94
sunseeker 44 camargue,2,32,6.25%,8.25
ryck 280,2,32,6.25%,9.25
nordwest 370,2,31,6.45%,5.52
sunseeker camargue,2,31,6.45%,9.84
bayliner 4085 avanti,2,27,7.41%,19.41
bavaria 360,2,24,8.33%,9
beneteau swift,2,23,8.7%,6.7
chris craft 21,2,22,9.09%,20.05
nordkapp enduro 705 toppfart,2,21,9.52%,5.19
beneteau trawler 41,2,21,9.52%,6.76
archambault,2,20,10%,6.3
glastron 259,2,20,10%,41.1
princess 25m for sale,2,19,10.53%,9.74
sunseeker 73,2,16,12.5%,5.5
nimbus 305 drophead pris,2,16,12.5%,11.56
nimbus 250 r nova,2,13,15.38%,2
lagoon 560 s2,2,13,15.38%,8.69
fairline squadron 55 for sale,2,12,16.67%,6
båt axopar 28,2,12,16.67%,6.92
jeanneau 519 for sale,2,11,18.18%,3.55
yacht charter oslo,2,11,18.18%,46.18
nimbus 30s nova,2,10,20%,12.2
nimbus nova 250 r,2,10,20%,16.6
figaro 2 beneteau,2,9,22.22%,9.67
jeanneau sun odyssey 36i 2008,2,8,25%,4.75
nimbus 34 nova for sale,2,8,25%,18.75
flipper 760dc,2,7,28.57%,8.71
nimbus nova 23,2,5,40%,2.4
nimbus 2005,2,2,100%,2
selge båt,1,1725,0.06%,20.99
arctic blue,1,1310,0.08%,43.11
riva båt,1,919,0.11%,9.84
båt til salgs,1,582,0.17%,17.16
båt yacht,1,527,0.19%,6.68
goldfish 29 rib tender,1,503,0.2%,23.06
40 fot båt,1,502,0.2%,8.77
sjekkliste for båtkjøp,1,442,0.23%,5.92
goldfish rib,1,410,0.24%,16.9
paragon båt,1,352,0.28%,8.18
bavaria 37 cruiser,1,312,0.32%,8.8
yacht house,1,287,0.35%,59.29
brig eagle 8,1,244,0.41%,7.43
skorgenes båt,1,232,0.43%,8.47
marex 310 sun cruiser,1,231,0.43%,16.24
fairline 48,1,164,0.61%,5.33
190 outrage,1,140,0.71%,50.46
terne båt,1,135,0.74%,5.36
nimbus 250 nova,1,129,0.78%,36.41
goldfish 49 bullet pris,1,127,0.79%,10.76
nordkapp 705 enduro,1,124,0.81%,39.42
glastron gs 259,1,123,0.81%,47.06
hydrolift x26,1,118,0.85%,8.8
diablo båt,1,117,0.85%,4.27
cormate 35 chase,1,106,0.94%,7.2
hydrolift båt,1,103,0.97%,10.9
saxdor 320 gtc,1,92,1.09%,9.54
fjord 24,1,89,1.12%,6.98
dicks vei 12,1,86,1.16%,8.03
store båter,1,86,1.16%,9.01
fjordterne båt,1,85,1.18%,6.99
targa 27 pris,1,80,1.25%,11.93
askeladden c80 cruiser pris,1,79,1.27%,8.44
axopar 28 pris,1,79,1.27%,14.32
båtar,1,72,1.39%,9.86
fairline 55 squadron,1,72,1.39%,14.1
både til salg i norge,1,72,1.39%,25.97
yacht priser,1,69,1.45%,6.14
fleming båt,1,69,1.45%,10.03
elan 35,1,69,1.45%,19.72
saffier 33,1,67,1.49%,5.93
capelli tempest 1000,1,67,1.49%,7.13
beneteau trawler,1,61,1.64%,5.74
nimbus c11 pris,1,58,1.72%,4.33
yacht i oslo,1,58,1.72%,6.72
scand,1,57,1.75%,12.91
nimbus 30 nova,1,57,1.75%,38.65
båtmegler lønn,1,56,1.79%,7.95
hydrolift c27,1,54,1.85%,6.13
fairline 37,1,53,1.89%,9.91
quicksilver pilothouse 905,1,53,1.89%,21.85
nimbus 280 coupe til salg,1,53,1.89%,25.91
seabreacher pris,1,52,1.92%,10.4
sea breacher,1,50,2%,5.72
riva 48 dolceriva price,1,50,2%,35.56
yacht til salg,1,48,2.08%,7.21
arctic båt,1,48,2.08%,9.58
marex 36,1,47,2.13%,5.38
azimut 47 fly,1,47,2.13%,12.09
båt 28 fot,1,45,2.22%,5.71
bavaria 40 fot,1,43,2.33%,8.6
bavaria sport 360,1,41,2.44%,33.34
bayliner avanti,1,40,2.5%,8.25
jeanneau sun odyssey 519,1,40,2.5%,11.3
nimbus 320 coupé,1,39,2.56%,31.51
brig 8,1,38,2.63%,9.74
windy kharma 26,1,37,2.7%,5.57
aquador 26dc,1,36,2.78%,4.44
yacht i norge,1,36,2.78%,11.53
fairline phantom,1,35,2.86%,5.23
beneteau oceanis 37,1,35,2.86%,5.71
dolceriva price,1,35,2.86%,38.6
dolceriva riva,1,33,3.03%,5.24
modesty boats,1,33,3.03%,7.61
oslo yacht charter,1,33,3.03%,50.91
seilbåt 40 fot,1,32,3.12%,6.19
c80,1,32,3.12%,10.22
trawler 34,1,32,3.12%,11.69
bavaria cruiser 40,1,32,3.12%,16.91
chris craft 28 corsair,1,31,3.23%,5.74
capelli 1000,1,30,3.33%,6.8
paragon yachts,1,30,3.33%,7.77
salg båt,1,29,3.45%,38.28
nimbus 32 coupe,1,28,3.57%,6.25
nimbus 320 coupe test,1,28,3.57%,10.25
nimbus nova 30s,1,28,3.57%,15.68
beneteau mc5,1,28,3.57%,23.64
nidelv 750 sport,1,28,3.57%,31.14
storebro 430 biscay,1,27,3.7%,3.78
ibiza special edition,1,26,3.85%,4.62
goldfish 32 sc,1,26,3.85%,8.46
el diablo båt,1,26,3.85%,13.88
wally tender,1,26,3.85%,15.65
itama forty,1,25,4%,5.68
nimbus båt pris,1,25,4%,9.28
atlantis 40,1,25,4%,21.68
figaro beneteau 2,1,24,4.17%,29.29
ternen båt,1,23,4.35%,8.09
yatht,1,23,4.35%,9.04
riva jaws,1,22,4.55%,7
capelli 900 wa,1,20,5%,6.65
riva 76 perseo,1,20,5%,10.45
elan power 35,1,20,5%,24.55
beneteau gran turismo 38,1,20,5%,25.3
cormate su 23,1,19,5.26%,7.16
yatch pris,1,19,5.26%,7.37
boston whaler 19,1,19,5.26%,30.21
nimbus r,1,19,5.26%,46.53
jeanneau sun odyssey 49 ds,1,18,5.56%,5.11
ocean craft,1,18,5.56%,7.78
yaugt,1,18,5.56%,8.83
yatxh,1,18,5.56%,9.39
paragon 25 pris,1,17,5.88%,5
vision 44,1,17,5.88%,11.65
yachtbroker,1,17,5.88%,13.06
princess 25 m,1,16,6.25%,2.19
azimut atlantis 40,1,16,6.25%,10.06
bayliner 4085,1,16,6.25%,19.25
norwegian yacht builders,1,15,6.67%,7.87
nordkapp gran coupe 905,1,15,6.67%,14.87
figaro ii,1,15,6.67%,37.13
fjord terne 24 til salgs,1,14,7.14%,3.64
swan 48 galatea,1,14,7.14%,3.71
hankø terne 24,1,14,7.14%,9.64
37 grand mistral,1,14,7.14%,9.71
hydrolift x-26,1,14,7.14%,10
avanti 4085,1,14,7.14%,18.36
nimbus 33 nova coupe,1,14,7.14%,26.29
prinsess båt,1,13,7.69%,2.69
bavaria 40 vision for sale,1,13,7.69%,10
paragon fly,1,13,7.69%,15.38
elan 35 power,1,13,7.69%,22.69
bavaria 33 ht,1,12,8.33%,7
boström 31 mk2,1,12,8.33%,52.67
boston whaler 19 outrage,1,11,9.09%,3.27
boot kopen in noorwegen,1,11,9.09%,6.09
yaths,1,11,9.09%,6.55
nimbus w 9,1,11,9.09%,7.45
sport 360,1,11,9.09%,8.27
brig båter,1,11,9.09%,11.45
enduro 705,1,11,9.09%,24.82
glastron,1,10,10%,11.8
nimbus 250 nova r,1,10,10%,27.7
fairline phantom 48 for sale,1,9,11.11%,6
pershing 64,1,9,11.11%,6.67
bavaria fly,1,9,11.11%,6.89
arctic blue boats,1,9,11.11%,7.44
nimbus 29c nordica,1,9,11.11%,8.22
marex 310 sun cruiser pris,1,9,11.11%,11.78
sandvik 945 till salu,1,9,11.11%,18.11
nimbus 2003,1,8,12.5%,4.25
beneteau 41,1,8,12.5%,5
elan power,1,8,12.5%,5.25
in exess,1,8,12.5%,5.75
askeladden c83 manual,1,8,12.5%,8.25
candela pris,1,8,12.5%,10.38
passasjerbåt til salgs,1,8,12.5%,37
yaghts,1,7,14.29%,5.14
nimbus 320c,1,7,14.29%,6.71
dufour grand large,1,7,14.29%,8.86
motorbåt 40 fot,1,7,14.29%,9
bavaria 36 ht,1,7,14.29%,20.29
wally 45,1,7,14.29%,29
boston whaler 190 outrage specs,1,7,14.29%,47
targa44,1,6,16.67%,3.5
nimbus 30 s ht,1,6,16.67%,6
nimbus 350 nova,1,6,16.67%,26.67
axopar 28 test,1,6,16.67%,50.5
figaro2,1,5,20%,2.8
riva dolcevita 48,1,5,20%,2.8
sun odyssey 519 for sale,1,5,20%,3.6
nimbus 34 nova ht,1,5,20%,3.8
nimbus 25 nova,1,5,20%,4
cranchi 47 mediterranee,1,5,20%,4.2
fairline squadron 54,1,5,20%,8.6
marex 310 pris,1,5,20%,9.8
so 49,1,5,20%,11.2
ds 49,1,5,20%,20
colin archer for sale norway,1,5,20%,21
nimbus 280 coupé,1,5,20%,42.2
boston whaler 190,1,4,25%,3.25
bavaria 33 sport ht,1,4,25%,4.75
benetau swift,1,4,25%,5.5
jeanneau cap camarat,1,4,25%,5.75
corsair 28,1,4,25%,6.5
nordic ocean craft 50 catamaran,1,4,25%,6.5
capelli 1000 tempest,1,4,25%,7.5
dufour performance,1,4,25%,8.25
nordkapp airborne 7 test,1,4,25%,15.25
yacht broker house,1,4,25%,21.5
beneteau swift trawler 34 specifications,1,3,33.33%,3
hanse 35,1,3,33.33%,4.33
båt nova,1,3,33.33%,7
hanse 548 specs,1,3,33.33%,7.33
a31 archambault,1,3,33.33%,8.67
colin archer for sale,1,3,33.33%,9.33
nimbus nova 30 s test,1,3,33.33%,9.33
princess 415 fly,1,3,33.33%,10
bavaria vision 40 for sale,1,3,33.33%,16
viksund st cruz 360,1,3,33.33%,37
windy 39 camira for sale,1,3,33.33%,42
nova 34,1,2,50%,2.5
nimbus 3200,1,2,50%,4
saffier se33,1,2,50%,4
bavaria sport ht,1,2,50%,6
chris craft corsair 28 heritage edition,1,2,50%,6.5
figaro yacht,1,2,50%,6.5
saxdor gtc 320,1,2,50%,8
grand banks 50 europa,1,2,50%,10
sindre van mourik,1,2,50%,11
sargo 25 explorer,1,2,50%,31.5
segelbåt 40 fot,1,1,100%,1
timeless boat,1,1,100%,1
house of boats,1,1,100%,2
import boat,1,1,100%,6
dufour 385 for sale,1,1,100%,8
nimbus 230 r till salu,1,1,100%,10
vesselview 403,1,1,100%,10
goldfish 40 open,1,1,100%,12
nova 250,1,1,100%,17
comtesse yacht,1,1,100%,26
nidelv 750 ht sport,1,1,100%,28
goldfish x12 explorer,1,1,100%,39
reklamevideo,0,2607,0%,60.53
kjøpe brukt seilbåt,0,820,0%,39.38
innholdsprodusent,0,764,0%,85.84
båtputer bavaria,0,624,0%,30.07
goldfish,0,601,0%,45.33
goldfish båt,0,584,0%,21.73
båtcharter oslo,0,574,0%,82.32
goldfish 29 rib,0,551,0%,17.5
riva 48 dolceriva prezzo,0,542,0%,45.58
puter bavaria,0,499,0%,22.59
yaght,0,460,0%,9.23
kjøp av båt,0,448,0%,27.5
goldfish 40 ocean,0,447,0%,12.38
vårklargjøring båt,0,440,0%,81.49
førersete båt,0,412,0%,41.34
nordkapp enduro 705,0,408,0%,38.2
båtutleie bærum,0,407,0%,40.98
yaught,0,399,0%,9.08
kjøpe bat,0,385,0%,25.94
båt,0,382,0%,23.48
båtforhandler oslo,0,373,0%,15.71
yacht oslofjorden,0,353,0%,19.42
yacht rental oslo,0,352,0%,67.26
yacth,0,344,0%,9.03
verdivurdering oslo,0,344,0%,78.48
goldfish 23 efusion,0,343,0%,17.01
baater,0,341,0%,5.69
candela boats,0,331,0%,12.95
askeladden båt,0,327,0%,32.14
yacht til leie oslo,0,323,0%,72.3
scan baltic,0,321,0%,6.81
25 fot båt,0,310,0%,8.45
jobbe på yacht,0,308,0%,28.42
goldfish rib 38,0,303,0%,22.47
boston whaler,0,302,0%,8.94
leie båt i utlandet,0,298,0%,79
artic blue,0,297,0%,68.48
goldfish 40 ocean price,0,295,0%,19.83
some ansvarlig,0,290,0%,41.74
goldfish m12,0,281,0%,52.42
oslo båtutleie,0,269,0%,79.51
verditakst båt,0,261,0%,51.77
goldfish boats,0,260,0%,31.01
brukt båt til salgs,0,259,0%,10.99
kjøp båt,0,241,0%,33.24
vårklargjøring av båt,0,237,0%,77.45
boot kaufen norwegen,0,236,0%,3.91
yachter,0,232,0%,10.99
marex båter,0,226,0%,11
mva i kroatia,0,225,0%,83.8
kjøpt og salg båt,0,221,0%,61.14
princess 25,0,214,0%,41.45
generasjons båt,0,214,0%,49.71
https://www.nimbus.no,0,214,0%,63.27
reklemevideo,0,211,0%,78.2
nordkapp noblesse,0,208,0%,21.34
seniorer på en seilbåt,0,205,0%,48.72
jeanneau 49,0,203,0%,47.18
targa 27,0,201,0%,19.21
shark båt,0,198,0%,8.21
brukte båter til salgs i norge,0,198,0%,8.51
scand 29,0,198,0%,32.9
yachtutleie oslo,0,197,0%,23.13
cormate 23 pris,0,196,0%,32.15
nordkapp airborne,0,193,0%,24.89
høyhastighetskurs teori,0,193,0%,45.13
axopar 28 cabin,0,192,0%,22.1
capelli båt,0,191,0%,11.29
house of norway oslo,0,187,0%,67.55
riva 48' dolceriva,0,184,0%,36.46
kabin varmer,0,180,0%,64.26
princess båt,0,174,0%,12.32
hva er ce merking av båt,0,173,0%,54.38
cormate båter,0,172,0%,31.44
windy 37,0,170,0%,9.74
rivera båt,0,168,0%,8.39
båt ce merking,0,165,0%,77.65
hva koster det å frakte båt,0,165,0%,89.92
reklamevideo i fredrikstad,0,164,0%,67.77
nordkapp 720 noblesse,0,163,0%,16.18
47 fot båt,0,161,0%,9.34
salg av båt,0,160,0%,35.51
vårklargjøring av båten,0,159,0%,68.37
salg av båtmotor,0,155,0%,79.05
båtutleie i oslo,0,154,0%,77.99
grillvask,0,152,0%,51.22
båt salg,0,150,0%,14.31
princess salg,0,147,0%,9.54
beneteau swift trawler 41 sedan,0,146,0%,59.94
https://www nimbus no,0,145,0%,54.53
marex båt,0,144,0%,9.48
kjøpe seilbåt,0,144,0%,31.6
bruktbåt til salgs,0,140,0%,18.89
yauth,0,136,0%,8.81
cormate 35,0,134,0%,6.49
fritidsbåter norge,0,131,0%,83.37
c-8,0,129,0%,6.33
båtutstyr oslo,0,129,0%,39.42
nordkapp airborne 7,0,128,0%,38.32
goldfish bullet,0,122,0%,11.67
ce merking av båt,0,122,0%,79.94
swift trawler 41 sedan,0,120,0%,63.87
targa båt,0,116,0%,10.71
cormate 23,0,115,0%,19.98
bilde av båt,0,113,0%,6.82
avanti båt,0,113,0%,9.49
tender båt,0,113,0%,10.04
ibiza 811 touring,0,112,0%,7.67
leie av yacht,0,112,0%,37.88
husbåt til salgs,0,111,0%,29.54
windy båt,0,110,0%,18.18
kjøpe bat i sverige,0,110,0%,76.61
yatcht,0,109,0%,9.35
importere båt,0,109,0%,12.47
marex til salg,0,108,0%,6.72
yacht utleie oslo,0,107,0%,37.19
bavaria seilbåt,0,106,0%,14.9
selg båten,0,105,0%,42.38
yacht boat,0,103,0%,14.97
yacht broker,0,102,0%,12.17
helgecruise,0,102,0%,31.12
importera båt från norge,0,100,0%,46.67
37 fot båt,0,98,0%,5.12
boat house,0,97,0%,6.1
nimbus 305,0,97,0%,10.26
riva båter,0,96,0%,9.94
importera båt från usa,0,95,0%,57.51
reklamevideo fredrikstad,0,95,0%,76.48
omregistrere båt,0,93,0%,48.74
colin archer,0,91,0%,23.04
jobba på yacht,0,91,0%,36.14
sliping av båt,0,91,0%,60.82
hvor stor må en båt være for å være yacht,0,88,0%,11.59
importera båt,0,87,0%,90.59
cormate,0,86,0%,11.67
hydrolift 24,0,85,0%,7.33
askeladden båter,0,84,0%,39.2
goldfish båt pris,0,83,0%,8.65
house of yachts bruinisse,0,83,0%,25.89
charters oslo,0,82,0%,80.74
yacht outfitting,0,81,0%,69.1
båt stor,0,80,0%,1.23
azimut båt,0,80,0%,10
norge yacht,0,80,0%,21.57
både til salg norge,0,80,0%,32.39
tross båt,0,80,0%,57.56
candela boat,0,79,0%,10.66
jon olsson boat,0,79,0%,38.71
båtsesong,0,79,0%,43.13
nimbus 22 nova,0,79,0%,58.84
kjøpe båt i sverige,0,78,0%,46.42
cormate explore 35,0,78,0%,46.63
sargo båt,0,77,0%,9.95
leie yacht norge,0,77,0%,40.65
c83,0,76,0%,7.75
princess 25m yacht,0,74,0%,31.16
riva dolceriva price,0,74,0%,32
liten yacht,0,73,0%,12.58
28 fot,0,72,0%,8.76
yaucht,0,72,0%,8.79
riva dolceriva 48 price,0,72,0%,11.68
yahct,0,71,0%,8.75
anytec,0,71,0%,16.14
nimbus,0,71,0%,32.15
volvo penta båt i fredrikstad,0,71,0%,38.31
luxury boat for sale,0,70,0%,28.8
hva koster det å eie en båt,0,70,0%,83
nord west,0,68,0%,7.71
jåt båt,0,68,0%,21.07
house of oslo,0,68,0%,48.96
brig rib pris,0,67,0%,35.15
ledig stilling båt,0,67,0%,63.21
oppblåsbar flyteplattform,0,66,0%,11.18
scand båt,0,66,0%,17.05
nordkapp 705,0,66,0%,19.7
brukt båt,0,66,0%,30.35
markedsplass båter,0,64,0%,13.75
selge båt privat,0,64,0%,76.56
goldfish bullet 28,0,63,0%,10.92
hydrolift s 24,0,63,0%,13.94
boat broker,0,63,0%,23.37
nimbus nova 30,0,63,0%,38.21
nordkapp 760 enduro,0,63,0%,40.81
marex 370,0,61,0%,10.89
stormway,0,61,0%,22.64
goldfish politibåt,0,61,0%,50.18
riva 76,0,60,0%,8.83
pilothus,0,60,0%,35.23
colin archer 40,0,59,0%,10.8
din båtmegler,0,58,0%,8.69
hydrolift s-24,0,58,0%,9.33
båter til salgs norge,0,57,0%,11.19
viksund modeller,0,57,0%,11.51
stor båt yacht,0,56,0%,6.39
marex 360 cabriolet cruiser,0,56,0%,10.21
axopar,0,56,0%,44.7
windy 39,0,54,0%,11.54
båten,0,53,0%,5.04
nordkapp 905 gran coupe,0,53,0%,7.96
saxdor 320,0,53,0%,8.51
marex 310,0,53,0%,18.36
wally charter,0,53,0%,38.85
fjord terne båt,0,52,0%,5.38
44 fot båt,0,52,0%,6.71
atlantis båt,0,52,0%,6.83
p43,0,52,0%,7.77
yat båt,0,52,0%,7.96
sargo,0,52,0%,32.5
ledig stilling på båt,0,52,0%,74.38
house oslo,0,51,0%,85.22
goldfish 28 tender pris,0,50,0%,6.4
brig båt,0,50,0%,14.82
b31 segelbåt,0,49,0%,47.29
leie av yacht oslo,0,49,0%,89.78
30 sport,0,48,0%,6
xyacht,0,48,0%,7.69
goldfish 49 open pris,0,48,0%,10.83
maison nova oslo,0,47,0%,3.43
seaside 23,0,47,0%,6.28
36 fot båt,0,47,0%,8.85
riviera 925 ht,0,47,0%,11.94
house boat,0,47,0%,22.51
fleming 58 for sale,0,47,0%,73.26
yacht rental,0,47,0%,84.98
seaside båt,0,46,0%,6.3
yatch båt,0,46,0%,6.48
marex 360 cabriolet cruiser prezzo,0,46,0%,9.46
mareks båt,0,46,0%,10
flemming båt,0,46,0%,11.43
scand baltic 32,0,46,0%,19.54
brukt ankervinsj,0,46,0%,37.15
goldfish 38 sport pris,0,45,0%,6.47
flyteplattform,0,45,0%,8.53
38 fot båt,0,45,0%,10.2
grand coupe 905,0,45,0%,11.8
buy a yacht in norway,0,44,0%,15.45
yacht for sale,0,44,0%,16.18
ce merking båt,0,44,0%,39.86
goldfish 43 ocean,0,44,0%,47.66
axopar 37 sports cabin,0,44,0%,59.48
su 23,0,43,0%,5.21
båtsalg oslo,0,43,0%,6.23
fairline targa,0,43,0%,7.91
båt med soveplass,0,43,0%,9.23
yauht,0,43,0%,9.23
boat yacht,0,43,0%,16.23
båtdeler oslo,0,43,0%,26.37
yath båt,0,42,0%,6.17
squadron båt,0,42,0%,8.02
hydrolift 27,0,42,0%,10.5
yachting,0,42,0%,11.24
colin archer båt,0,42,0%,17.81
yacht norway,0,42,0%,22.45
nidelv 300 sport,0,42,0%,33.5
yeacht,0,41,0%,9.2
chris-craft luksusbåt,0,41,0%,9.73
bavaria sport,0,41,0%,10.02
luxury yacht charter norway,0,41,0%,30.51
windy 26 kharma signature edition,0,41,0%,67.71
groe på båt,0,41,0%,85.24
boats for sale,0,40,0%,10.53
båt bilder,0,40,0%,12.53
volvo penta motor priser i fredrikstad,0,40,0%,26.25
marex 31,0,39,0%,6.74
yact,0,39,0%,7.03
360 cc,0,39,0%,7.95
yackt,0,39,0%,10.03
grand mistral,0,39,0%,11.03
boot kopen noorwegen,0,38,0%,7.74
grand mistral 37,0,38,0%,7.97
båt windy,0,38,0%,19.66
ledige jobber på båt,0,38,0%,84.03
windy 37 hardtop,0,38,0%,93.34
cormate chase,0,37,0%,8.32
nidelv sport,0,37,0%,10.62
excess,0,37,0%,13.22
boston whaler 370 outrage,0,37,0%,36.84
båt kjøpes,0,37,0%,48.24
båt solgt som den er,0,37,0%,94.46
saffier,0,36,0%,6.39
bruktbåter til salgs,0,36,0%,10.92
c 8,0,35,0%,6.46
yacht.,0,35,0%,8.74
35 fot båt,0,35,0%,10.29
riviera 925 tekniske data,0,35,0%,10.66
hvor mye koster en yacht,0,35,0%,12.09
hoy.no,0,35,0%,13.26
fjord open 40,0,35,0%,20.6
fjord terne 28,0,35,0%,27.09
båt charter oslo,0,35,0%,66.8
candela boat price,0,35,0%,73.71
58 fot båt,0,34,0%,6.24
scan båt,0,34,0%,7.21
48 fot båt,0,34,0%,7.56
uacht,0,34,0%,8.82
c83 askeladden,0,34,0%,10
dolceriva 48 price,0,34,0%,10.12
axopar båt,0,34,0%,13.03
kjøpe båt norge,0,34,0%,18.15
bruktbåter,0,34,0%,21.59
aker yachts,0,34,0%,41.76
50 fot båt,0,34,0%,44.44
hydrolift x-26s,0,33,0%,7.3
kanalbåt til salgs,0,33,0%,10.21
båt pris,0,33,0%,11.15
marex 770 holiday,0,33,0%,26.24
wally boat,0,33,0%,32.64
tilgjengelig innhold innholdsproduksjon,0,33,0%,87.06
goldfish 28 bullet pris,0,32,0%,5.75
yatchs,0,32,0%,7.41
windy 35 khamsin pris,0,32,0%,7.69
candela c 8,0,32,0%,30.81
brukte båter,0,32,0%,68.94
ledig stilling seo,0,32,0%,91.56
scan baltic 29,0,31,0%,5.84
båtbyggeri,0,31,0%,7.23
båt markedsplass,0,31,0%,18.03
sjekke heftelser på båt,0,31,0%,21.03
båt princess,0,30,0%,5.2
viksund st cruz 310,0,30,0%,5.57
boat for sale,0,30,0%,5.87
yaych,0,30,0%,9.03
kragstad,0,30,0%,9.27
hydrolift x32,0,30,0%,9.33
båt riva,0,30,0%,12.2
brukte båter til salgs,0,30,0%,26.23
goldfish 21 sport,0,30,0%,58.07
axopar 28 båt til salgs norge,0,29,0%,6.03
yeatch,0,29,0%,8
båt til salgs norge,0,29,0%,17.1
wally yacht charter,0,29,0%,54.79
expression 29,0,29,0%,59.34
skvadron 55,0,28,0%,4.25
boston whaler outrage 19,0,28,0%,4.79
360 sport,0,28,0%,5.07
bavaria s36,0,28,0%,5.36
princess 25 combi,0,28,0%,8.04
båt ønskes kjøpt,0,28,0%,11.75
luxury boat showroom visit,0,28,0%,13.43
båtmegling,0,28,0%,15.43
wally yachts,0,28,0%,26.5
utfellbart bord,0,28,0%,36.71
yacht 25m,0,28,0%,47.75
elan elan 35 ht,0,28,0%,52.32
nordic star,0,28,0%,53.71
bavaria 37 sport,0,28,0%,80.04
dufour 44,0,27,0%,6.26
tender 28,0,27,0%,7.07
yachr,0,27,0%,8.41
"m,y",0,27,0%,8.96
nimbus t 11,0,27,0%,9.85
norsk yacht,0,27,0%,14.7
nordkapp enduro 760,0,27,0%,50.33
paragon yachts 25,0,26,0%,6.65
swan 48,0,26,0%,7.88
yatcj,0,26,0%,8.27
viksund 31,0,26,0%,34.96
nordkapp coupe,0,26,0%,39.92
ankerwinch,0,26,0%,51.12
48 dolceriva,0,26,0%,52.88
jobbe på båt i utlandet,0,26,0%,79.38
axopar 28 cabin til salgs norge,0,25,0%,7.36
boat detailing,0,25,0%,7.36
ibiza 27 fot,0,25,0%,7.44
nimbus båter,0,25,0%,13.76
markedsverdi båt,0,25,0%,16.44
bavaria 33 sport,0,25,0%,17
candela 8,0,25,0%,17.48
viksund båter,0,25,0%,19.56
jeanneau 519 sun odyssey,0,25,0%,59.48
boating oslo,0,25,0%,92.48
pardo p43,0,24,0%,6.33
goldfish pris,0,24,0%,8
askeladden daycruiser,0,24,0%,18.08
nordkapp 905,0,24,0%,20.92
fjord terne 21,0,24,0%,23.88
båt selges,0,24,0%,30.38
so me ansvarlig,0,24,0%,48.33
yacht charter,0,24,0%,65.33
leie yacht oslo,0,24,0%,80.71