wix_slug,decision
goldfish-30-sport---diesel,BOAT:351475307763
nimbus-35-nova-ht-,351443141858
goldfish-29-sport---2016,351443201214
goldfish-28-bullet-%23020,351443090620
goldfish-29-sport,351459866843
goldfish-28-tender-merc-400r,BOAT:351419698418
nimbus-300r,SKIP
bavaria-37-cruiser,351443201227
goldfish-28-tender-%23001,BOAT:351479077103
goldfish-23-tender---2018,BOAT:351443310794
windy-28-ghibli---2001,BOAT:351414280435
nimbus-35-nova-ht,351443213551
goldfish-28-tender-%23057,BOAT:351445109976
goldfish-30-sport-%2316,BOAT:351475307751
axopar-28-open,351481028819
goldfish-23-tender-2017,351443310794
nimbus-250r,SKIP
sandvik-945,351443171557
goldfish-30-sport,BOAT:351482911944
askeladden-c83,351475308733
goldfish-30-sport---2022-%23023,BOAT:351481042124
goldfish-28-tender-%23069,BOAT:351475308734
goldfish-30-sport---2021-%23009,BOAT:351456244949
nimbus-320-coup%C3%A8---2003,SKIP
goldfish-28-tender,351443141853
nimbus-230r,SKIP
nimbus-230r---2007,351443229934
paragon-31-fly,351479119064
goldfish-29-sport---2020,SKIP
goldfish-30-sport-%23038,351479119073
nimbus-320-coup%C3%A9,SKIP
nimbus-w9-t-top-mercury-300,351443293406
nimbus-230r---bensin,SKIP
axopar-28-open-2019,SKIP
nimbus-w9-t-top,351481042113
goldfish-30-sport---2022,BOAT:351481042122
windy-28-ghibli-kad-300,SKIP
goldfish-28-tender-%2360,BOAT:351456244951:NOT_SOLD
goldfish-38-sport,NEW
nimbus-300r---2005-modell,SKIP
