Mest populære sider,Klikk,Visninger,Klikkfrekvens,Plassering
https://www.houseofyachts.no/,2660,41867,6.35%,12.49
http://www.houseofyachts.no/,760,25109,3.03%,8.52
https://www.houseofyachts.no/baater,456,47338,0.96%,10.12
https://www.houseofyachts.no/om-oss,298,20380,1.46%,9.32
https://www.houseofyachts.no/post/kjøp-av-båt-i-utlandet,233,13017,1.79%,22.17
https://www.houseofyachts.no/Baater/fjord-terne-24,213,4784,4.45%,5.79
https://www.houseofyachts.no/post/huskeliste-kjøp-av-bruktbåt,209,6137,3.41%,15.05
https://www.houseofyachts.no/Baater/nimbus-300r,200,2332,8.58%,15.23
https://www.houseofyachts.no/Baater/nimbus-250-r,192,2124,9.04%,13.67
https://www.houseofyachts.no/Baater/seabreacher-z,191,1211,15.77%,7.46
https://www.houseofyachts.no/Baater/sandvik-945,185,5190,3.56%,9.76
https://www.houseofyachts.no/en,173,6953,2.49%,7.48
https://www.houseofyachts.no/Baater/nimbus-230-r,168,2676,6.28%,13.16
https://www.houseofyachts.no/Baater/riva-dolceriva-48,166,8188,2.03%,13.37
https://www.houseofyachts.no/nimbus250,165,5214,3.16%,13.97
https://www.houseofyachts.no/Baater/scand-baltic-29,163,8866,1.84%,10.58
https://www.houseofyachts.no/Baater/riviera-925-fly,163,4294,3.8%,5.86
https://www.houseofyachts.no/Baater/nordkapp-760-noblesse,162,3935,4.12%,8.4
https://www.houseofyachts.no/en/Baater/m/y-in-excess,159,966,16.46%,5.19
https://www.houseofyachts.no/Baater/windy-7500,139,2464,5.64%,5.97
https://www.houseofyachts.no/Baater/nidelv-725-sport,138,2548,5.42%,7.7
https://www.houseofyachts.no/en/Baater/goldfish-50-ocean,127,3153,4.03%,10.06
https://www.houseofyachts.no/Baater/arctic-blue-27-mkii,121,3456,3.5%,25.9
https://www.houseofyachts.no/Baater/goldfish-50-ocean,119,2511,4.74%,5.61
https://www.houseofyachts.no/Baater/beneteau-swift-trawler-34,117,1433,8.16%,15.7
https://www.houseofyachts.no/Baater/nimbus-35-nova-ht-,114,2443,4.67%,13.4
https://www.houseofyachts.no/en/Baater/viksund-290/310-st.-cruz,107,2818,3.8%,8.88
https://www.houseofyachts.no/Baater/windy-35-khamsin,103,3238,3.18%,9.06
https://www.houseofyachts.no/en/Baater/skorgenes-sonic-445-fly,103,2309,4.46%,7.42
https://www.houseofyachts.no/Baater/targa-27.1,94,4463,2.11%,5.58
https://www.houseofyachts.no/post/sandvik-945-for-salg,94,1836,5.12%,18.62
https://www.houseofyachts.no/Baater/nimbus-230r,92,2140,4.3%,16.87
https://www.houseofyachts.no/Baater/windy-44-chinook,86,1366,6.3%,9.41
https://www.houseofyachts.no/BaaterTilSalgs,85,7490,1.13%,11.39
https://www.houseofyachts.no/Baater/bavaria-40-cruiser,85,4552,1.87%,14.94
https://www.houseofyachts.no/Baater/nordic-ocean-craft-catamaran,85,1432,5.94%,9.45
https://www.houseofyachts.no/Baater/marex-280-holiday,81,2069,3.91%,24.06
https://www.houseofyachts.no/post/nidelv-725-sport-for-salg,80,1856,4.31%,4.91
https://www.houseofyachts.no/post/hvilken-goldfish-er-best-sammenligner-3-generasjoner-goldfish-23-tender,74,1415,5.23%,14.13
https://www.houseofyachts.no/Baater/axopar-28-cabin,71,4914,1.44%,12.44
https://www.houseofyachts.no/Baater/nimbus-34-nova,70,1178,5.94%,14.43
https://www.houseofyachts.no/Baater/askeladden-c83-cruiser,67,4013,1.67%,10
https://www.houseofyachts.no/Baater/nimbus-320-coupé,67,1611,4.16%,15.85
https://www.houseofyachts.no/Baater/princess-25m,67,1316,5.09%,18.4
https://www.houseofyachts.no/Baater/goldfish-23-tender-mkiii,66,4767,1.38%,8.54
https://www.houseofyachts.no/Baater/askeladden-c80-cruiser,64,4166,1.54%,11.54
https://www.houseofyachts.no/Baater/bostrøm-31-mki,64,1699,3.77%,16.96
https://www.houseofyachts.no/Baater/nimbus-33-nova,63,1271,4.96%,22.32
https://www.houseofyachts.no/post/solgt-nordic-star-32,63,695,9.06%,5.09
https://www.houseofyachts.no/Baater/hydrolift-s24-diablo,62,2305,2.69%,7.64
https://www.houseofyachts.no/Baater/aquador-26-dc,62,1683,3.68%,21.94
https://www.houseofyachts.no/en/Baater/fairline-squadron-55,60,1997,3%,11.6
https://www.houseofyachts.no/Baater/bavaria-44-vision,56,1199,4.67%,14.19
https://www.houseofyachts.no/Baater/candela-c-8,53,3407,1.56%,13.26
https://www.houseofyachts.no/Baater/bavaria-40-vision,53,3388,1.56%,35.71
https://www.houseofyachts.no/Baater/fleming-58,53,1645,3.22%,12.33
https://www.houseofyachts.no/Baater/nimbus-30s,53,1214,4.37%,18.6
https://www.houseofyachts.no/Baater/beneteau-41-swift-trawler-sedan,52,1434,3.63%,16.62
https://www.houseofyachts.no/Baater/windy-26-kharma,51,1033,4.94%,14.01
https://www.houseofyachts.no/Baater/beneteau-figaro-2,51,591,8.63%,21.26
https://www.houseofyachts.no/post/solgt-2000-viksund-290-310-st-cruz,50,1203,4.16%,4.92
https://www.houseofyachts.no/Baater/dufour-385-grand-large,49,1145,4.28%,26.18
https://www.houseofyachts.no/en/Baater/paragon-31-fly,48,921,5.21%,9.02
https://www.houseofyachts.no/Baater/anytec-860-spd,48,774,6.2%,20.41
https://www.houseofyachts.no/Baater/windy-37-grand-mistral,47,2083,2.26%,12.59
https://www.houseofyachts.no/Baater/fairline-phantom-48,46,1405,3.27%,23.45
https://www.houseofyachts.no/Baater/nimbus-29-nova,46,991,4.64%,16.24
https://www.houseofyachts.no/baatmegler,45,3141,1.43%,6.81
https://www.houseofyachts.no/post/månedens-båt-white-shark-298,44,1225,3.59%,8.24
https://www.houseofyachts.no/Baater/paragon-25-cabin,42,1460,2.88%,10.89
https://www.houseofyachts.no/en/Baater/bavaria-330-sport-ht,41,852,4.81%,14.32
https://www.houseofyachts.no/Baater/boston-whaler-190-outrage,38,1192,3.19%,24.74
https://www.houseofyachts.no/Baater/askeladden-c83,37,2625,1.41%,9.21
https://www.houseofyachts.no/en/baater,37,1518,2.44%,9.62
https://www.houseofyachts.no/Baater/nord-west-370-coupé,36,684,5.26%,5.79
https://www.houseofyachts.no/Baater/nimbus-305-drophead,36,570,6.32%,10.35
https://www.houseofyachts.no/post/sargo-25-for-salg,35,642,5.45%,8.08
https://www.houseofyachts.no/post/kjøpe-båt-i-utlandet,33,5563,0.59%,33.27
https://www.houseofyachts.no/en/Baater/fjord-terne-24,33,987,3.34%,7.58
https://www.houseofyachts.no/Baater/nimbus-280-coupé,33,700,4.71%,22.82
https://www.houseofyachts.no/Baater/jeanneau-so-49-ds,33,675,4.89%,24.22
https://www.houseofyachts.no/Baater/marex-375,32,1539,2.08%,9.95
https://www.houseofyachts.no/Baater/sargo-25,32,1507,2.12%,10.27
https://www.houseofyachts.no/Baater/jeanneau-sun-odyssey-36i,32,470,6.81%,5.8
https://www.houseofyachts.no/Baater/chris-craft-25-corsair,31,707,4.38%,13.88
https://www.houseofyachts.no/Baater/cormate-t-27,30,1481,2.03%,12.67
https://www.houseofyachts.no/Baater/bavaria-37-ac,30,782,3.84%,15.6
https://www.houseofyachts.no/post/månedens-båt-nimbus-r-serien,30,260,11.54%,17.75
https://www.houseofyachts.no/Baater/colin-archer-40,29,629,4.61%,11.79
https://www.houseofyachts.no/post/månedens-båt-m-y-in-excess,28,602,4.65%,11.61
https://www.houseofyachts.no/en/Baater/elan-power-35-ht,28,521,5.37%,26.24
https://www.houseofyachts.no/en/Baater/anker-&-jensen-8mr-1914-carmen-iv,28,314,8.92%,11.56
https://www.houseofyachts.no/Baater/windy-35-khamsin-2008-d6-370,27,1023,2.64%,9.64
https://www.houseofyachts.no/Baater/quicksilver-905-pilothouse,27,895,3.02%,10.5
https://www.houseofyachts.no/Baater/axopar-28-open,27,800,3.38%,9.8
https://www.houseofyachts.no/Baater/marex-370-acc,27,630,4.29%,11.15
https://www.houseofyachts.no/Baater/marex-360-cc,26,2016,1.29%,11.62
https://www.houseofyachts.no/post/solgt-sandvik-945,26,1336,1.95%,5.91
https://www.houseofyachts.no/en/Baater/princess-415,26,405,6.42%,6.5
https://www.houseofyachts.no/Baater/goldfish-29-sport---2020,25,3331,0.75%,22.19
https://www.houseofyachts.no/en/Baater/riviera-925-fly,25,788,3.17%,8.84
https://www.houseofyachts.no/kjope-bat,24,18728,0.13%,20.46
https://www.houseofyachts.no/nautibuoy,24,13722,0.17%,11.01
https://www.houseofyachts.no/Baater/nordkapp-720-noblesse,24,2257,1.06%,18.22
https://www.houseofyachts.no/Baater/goldfish-28-rib,24,1254,1.91%,20.8
https://www.houseofyachts.no/Baater/goldfish-29-sport,24,1089,2.2%,9.64
https://www.houseofyachts.no/Baater/grand-banks-52-europa,24,268,8.96%,10.48
https://www.houseofyachts.no/post/yacht-i-middelhavet-mangusta-92,23,2425,0.95%,6.31
https://www.houseofyachts.no/Baater/goldfish-30-sport---diesel,23,1956,1.18%,8.58
https://www.houseofyachts.no/Baater/fjord-40-open,23,1117,2.06%,9.25
https://www.houseofyachts.no/en/Baater/fairline-targa-37,23,974,2.36%,7.32
https://www.houseofyachts.no/en/Baater/ibiza-811-touring,23,827,2.78%,8.71
https://www.houseofyachts.no/Baater/bavaria-s36-ht,23,221,10.41%,9.16
https://www.houseofyachts.no/Baater/elan-37,22,707,3.11%,27.19
https://www.houseofyachts.no/post/kaptein-søkes-til-privat-yacht-ostlandet,22,309,7.12%,17.09
https://www.houseofyachts.no/Baater/goldfish-38-supersport,21,2451,0.86%,12.76
https://www.houseofyachts.no/Baater/bayliner-avanti-4085-express-cruiser,21,533,3.94%,10.49
https://www.houseofyachts.no/post/hiv-og-hoy-ep-34,21,488,4.3%,16.83
https://www.houseofyachts.no/Baater/nordkapp-705-enduro,20,1014,1.97%,26.67
https://www.houseofyachts.no/Baater/bavaria-35-sport,20,537,3.72%,8.67
https://www.houseofyachts.no/Baater/grandezza-31-oc,20,415,4.82%,8.34
https://www.houseofyachts.no/en/Baater/grandezza-31-oc,20,409,4.89%,7.24
https://www.houseofyachts.no/Baater/dufour-385-gl,20,298,6.71%,9.29
https://www.houseofyachts.no/en/Baater/nordic-ocean-craft-catamaran,20,232,8.62%,8.09
https://www.houseofyachts.no/Baater/flipper-760-dc,19,1337,1.42%,14.36
https://www.houseofyachts.no/Baater/nimbus-w9,19,554,3.43%,9.02
https://www.houseofyachts.no/Baater/axopar-25-cross-bow,19,427,4.45%,8.32
https://www.houseofyachts.no/Baater/nimbus-250r-mkii,19,197,9.64%,15.84
https://www.houseofyachts.no/blogg,18,14187,0.13%,10.64
https://www.houseofyachts.no/Baater/goldfish-28-tender,18,1726,1.04%,11.6
https://www.houseofyachts.no/Baater/nimbus-w9-t-top,18,579,3.11%,7.37
https://www.houseofyachts.no/Baater/nimbus-300r---2005-modell,18,317,5.68%,10.66
https://www.houseofyachts.no/Baater/nimbus-35-nova-ht,18,307,5.86%,12.13
https://www.houseofyachts.no/en/Baater/hydrolift-c-27,17,483,3.52%,8.47
https://www.houseofyachts.no/post/stormway-925-rib-selges,17,257,6.61%,12.6
https://www.houseofyachts.no/Baater/m/y-in-excess,17,213,7.98%,11.4
https://www.houseofyachts.no/post/arctic-blue-27-mkii,17,187,9.09%,12.18
https://www.houseofyachts.no/Baater/1912-anker-&-jensen-9mr-flirt-iv,17,134,12.69%,11.57
https://www.houseofyachts.no/post/bavaria-e34-fly-selges,17,95,17.89%,19
https://www.houseofyachts.no/Baater/targa-44-fly,16,1789,0.89%,8.9
https://www.houseofyachts.no/Baater/goldfish-23-tender---2018,16,1105,1.45%,9.8
https://www.houseofyachts.no/Baater/nimbus-t9,16,731,2.19%,9.85
https://www.houseofyachts.no/Baater/jeanneau-sun-odyssey-519,16,571,2.8%,9.26
https://www.houseofyachts.no/Baater/brig-eagle-8---2022,16,495,3.23%,9.12
https://www.houseofyachts.no/Baater/nimbus-35-nova-ht---2008,16,477,3.35%,9.07
https://www.houseofyachts.no/en/Baater/nimbus-w9,16,475,3.37%,13.67
https://www.houseofyachts.no/Baater/goldfish-x12-endurance,15,2379,0.63%,13.14
https://www.houseofyachts.no/Baater/fairline-targa-37,15,1476,1.02%,12.17
https://www.houseofyachts.no/en/Baater/goldfish-28-bullet-#020,15,1332,1.13%,8.22
https://www.houseofyachts.no/Baater/azimut-47-fly,15,866,1.73%,12.65
https://www.houseofyachts.no/Baater/bavaria-360-sport-open,15,828,1.81%,26.22
https://www.houseofyachts.no/Baater/nimbus-320-coupè---2003,15,499,3.01%,8.7
https://www.houseofyachts.no/post/prisreduksjon-goldfish-29-sport,15,236,6.36%,26.33
https://www.houseofyachts.no/selge-bat,14,10199,0.14%,14.1
https://www.houseofyachts.no/post/slik-tar-du-gode-bilder-av-båten,14,1057,1.32%,10.24
https://www.houseofyachts.no/en/Baater/goldfish-30-sport---diesel,14,936,1.5%,10.95
https://www.houseofyachts.no/blogg/categories/ledig-stilling,14,589,2.38%,32.48
https://www.houseofyachts.no/Baater/ibiza-881-t-special-edition,14,527,2.66%,11.26
https://www.houseofyachts.no/Baater/skorgenes-350-fly,14,396,3.54%,6.43
https://www.houseofyachts.no/post/prisreduksjon-stormway-925-rib,14,239,5.86%,13.41
https://www.houseofyachts.no/post/kronekursen-kan-gjør-båteksport-attraktivt,14,175,8%,10.27
https://www.houseofyachts.no/en/Baater/1912-anker-&-jensen-9mr-flirt-iv,14,141,9.93%,12.87
https://www.houseofyachts.no/Baater/goldfish-38-sport,13,1521,0.85%,15.56
https://www.houseofyachts.no/en/Baater/cormate-23-su---2022-shark-grey,13,666,1.95%,14.74
https://www.houseofyachts.no/post/nimbus-280-coupé-for-salg,13,622,2.09%,45.45
https://www.houseofyachts.no/Baater/windy-39-camira,13,591,2.2%,11.09
https://www.houseofyachts.no/Baater/axopar-37-cabin,13,580,2.24%,8.89
https://www.houseofyachts.no/post/nimbus-35-nova-ht-for-salg,13,374,3.48%,8.81
https://www.houseofyachts.no/en/Baater/quicksilver-905-pilothouse,13,335,3.88%,11.74
https://www.houseofyachts.no/post/kommer-for-salg-nimbus-300r,13,313,4.15%,11.75
https://www.houseofyachts.no/Baater/grand-banks-47-heritage-eu,13,214,6.07%,10.57
https://www.houseofyachts.no/post/solgt-goldfish-28-rib,13,190,6.84%,25.68
https://www.houseofyachts.no/Baater/chris-craft-carina-21,13,180,7.22%,14.56
https://www.houseofyachts.no/en/Baater/beneteau-figaro-2,13,133,9.77%,24.76
https://www.houseofyachts.no/Baater/windy-28-ghibli---2001,12,569,2.11%,9.61
https://www.houseofyachts.no/Baater/axopar-37-sports-cabin,12,569,2.11%,13.47
https://www.houseofyachts.no/Baater/bavaria-37-cruiser,12,520,2.31%,13.22
https://www.houseofyachts.no/Baater/modesty-33-sc,12,340,3.53%,10.26
https://www.houseofyachts.no/Baater/azimut-atlantis-40-ht,12,291,4.12%,12.49
https://www.houseofyachts.no/post/solgt-nimbus-250r-mkii,12,264,4.55%,4.14
https://www.houseofyachts.no/Baater/nimbus-250r,12,171,7.02%,16.49
https://www.houseofyachts.no/sail-division,11,12668,0.09%,10.46
https://www.houseofyachts.no/Baater/goldfish-30-sport---2022,11,1663,0.66%,21.97
https://www.houseofyachts.no/Baater/cormate-35-chase,11,1368,0.8%,11.39
https://www.houseofyachts.no/Baater/marex-310-sun-cruiser,11,679,1.62%,13.3
https://www.houseofyachts.no/Baater/windy-28-ghibli-kad-300,11,527,2.09%,9.99
https://www.houseofyachts.no/en/Baater/goldfish-23-tender---2018,11,407,2.7%,10.22
https://www.houseofyachts.no/post/princess-25m-for-salg,11,379,2.9%,20.9
https://www.houseofyachts.no/Baater/princess-415,11,270,4.07%,17.25
https://www.houseofyachts.no/Baater/saffier-se-33-ud,11,257,4.28%,6.81
https://www.houseofyachts.no/Baater/marex-360-cc---2022,11,256,4.3%,8.3
https://www.houseofyachts.no/Baater/jeanneau-cap-camarat-925-wa,11,224,4.91%,18.3
https://www.houseofyachts.no/Baater/chris-craft-28-corsair,11,202,5.45%,9.12
https://www.houseofyachts.no/en/Baater/sunseeker-44-camargue,11,195,5.64%,11.42
https://www.houseofyachts.no/charter,10,1311,0.76%,46.24
https://www.houseofyachts.no/Baater/bavaria-37-cruiser---2006,10,660,1.52%,11.41
https://www.houseofyachts.no/post/romjulsspesial-jon-olsson-selger-båten-sin-og-boot-2023-hoy-pod-ep-3,10,570,1.75%,19.96
https://www.houseofyachts.no/Baater/sunseeker-44-camargue,10,268,3.73%,13
https://www.houseofyachts.no/en/Baater/dufour-44-performance,10,190,5.26%,6.23
https://www.houseofyachts.no/post/solgt-princess-25m,10,95,10.53%,24.89
https://www.houseofyachts.no/post/solgt-comtesse-liberty,10,70,14.29%,6.66
https://www.houseofyachts.no/Baater/nimbus-c11,9,855,1.05%,18
https://www.houseofyachts.no/post/quicksilver-905-pilothouse-for-salg,9,722,1.25%,33.37
https://www.houseofyachts.no/Baater/capelli-tempest-1000,9,569,1.58%,10.16
https://www.houseofyachts.no/Baater/hydrolift-x-26-s---400r,9,520,1.73%,9.27
https://www.houseofyachts.no/en/om-oss,9,424,2.12%,35.19
https://www.houseofyachts.no/en/Baater/colin-archer-40,9,231,3.9%,10.08
https://www.houseofyachts.no/Baater/nordkapp-grand-coupe-905---2x300hk,9,208,4.33%,10.12
https://www.houseofyachts.no/post/solgt-archambault-a31,9,123,7.32%,25.06
https://www.houseofyachts.no/en/Baater/skorgenes-350-fly,9,121,7.44%,6.12
https://www.houseofyachts.no/Baater/swan-48,9,91,9.89%,6.48
https://www.houseofyachts.no/en/Baater/goldfish-29-rib-tender,8,1079,0.74%,8.58
https://www.houseofyachts.no/en/Baater/goldfish-32-sc-2001,8,698,1.15%,7.43
https://www.houseofyachts.no/Baater/nimbus-t11,8,672,1.19%,12.03
https://www.houseofyachts.no/post/ledig-stilling-båtmegler-trainee-juniormegler,8,508,1.57%,28.81
https://www.houseofyachts.no/Baater/glastron-gs-259,8,288,2.78%,36.63
https://www.houseofyachts.no/Baater/delphia-40.3,8,236,3.39%,27.49
https://www.houseofyachts.no/Baater/goldfish-28-tender-#001,8,205,3.9%,10.96
"https://www.houseofyachts.no/en/Baater/comtesse-""liberty""",8,136,5.88%,17.54
https://www.houseofyachts.no/Baater/bavaria-e34-fly,8,135,5.93%,13.36
https://www.houseofyachts.no/en/Baater/storebro-430-biscay,8,92,8.7%,6.92
https://www.houseofyachts.no/detailing,7,1081,0.65%,60.74
https://www.houseofyachts.no/Baater/goldfish-30-sport,7,530,1.32%,28.2
https://www.houseofyachts.no/post/hvordan-handle-bruktbåt-tips-og-råd-til-hva-du-bør-se-etter-og-hvordan-gjøre-gode-kjøp-vinterstid,7,409,1.71%,53.76
https://www.houseofyachts.no/en/Baater/hanse-548,7,294,2.38%,19.66
https://www.houseofyachts.no/en/Baater/bavaria-35-sport,7,255,2.75%,7.08
https://www.houseofyachts.no/en/Baater/capelli-900-wa,7,241,2.9%,9.95
https://www.houseofyachts.no/post/goldfish-29-sport-for-salg,7,156,4.49%,24.53
https://www.houseofyachts.no/Baater/hanse-355,7,149,4.7%,10.65
https://www.houseofyachts.no/Baater/cormate-t-27---2015,7,143,4.9%,27.47
https://www.houseofyachts.no/Baater/chris-craft-25-corsair-2008,7,132,5.3%,11.11
https://www.houseofyachts.no/en/Baater/jeanneau-so-49-ds,7,115,6.09%,8.74
https://www.houseofyachts.no/Baater/timeless-34-nordic,7,76,9.21%,14.34
https://www.houseofyachts.no/post/goldfish-23-tender-solgt,7,74,9.46%,29.31
https://www.houseofyachts.no/Baater/goldfish-38-supersport-#023,6,1722,0.35%,10.31
https://www.houseofyachts.no/Baater/goldfish-29-sport---2015,6,552,1.09%,22.86
https://www.houseofyachts.no/post/targa-27-1-for-salg,6,368,1.63%,10.01
https://www.houseofyachts.no/post/solgt-arctic-blue-27-mkii,6,320,1.88%,21.39
https://www.houseofyachts.no/post/forhandler-for-nautibuoy-marine,6,292,2.05%,10.6
https://www.houseofyachts.no/en/Baater/goldfish-29-rib-tender---2009,6,283,2.12%,12.51
https://www.houseofyachts.no/en/Baater/paragon-25-cabin,6,199,3.02%,9.55
https://www.houseofyachts.no/Baater/nimbus-230r---bensin,6,129,4.65%,15.98
https://www.houseofyachts.no/Baater/nimbus-w9-t-top-mercury-300,6,123,4.88%,9.87
https://www.houseofyachts.no/Baater/grand-banks-eastbay-45sx,6,101,5.94%,7.26
https://www.houseofyachts.no/blogg/page/2,6,95,6.32%,53.81
https://www.houseofyachts.no/blogg/page/6,6,79,7.59%,16.05
https://www.houseofyachts.no/Baater/archambault-a-31,6,73,8.22%,21.66
https://www.houseofyachts.no/verdivurdering,5,7005,0.07%,14.42
https://www.houseofyachts.no/Baater/brig-eagle-8-hankø-edition,5,517,0.97%,11.33
https://www.houseofyachts.no/en/Baater/goldfish-28-tender-#064,5,393,1.27%,10.71
https://www.houseofyachts.no/en/Baater/goldfish-28-tender-#057,5,383,1.31%,10.38
https://www.houseofyachts.no/Baater/goldfish-23-tender,5,352,1.42%,11.31
https://www.houseofyachts.no/en/Baater/nimbus-c11,5,311,1.61%,9.58
https://www.houseofyachts.no/Baater/hydrolift-x-32s-r,5,299,1.67%,10.01
https://www.houseofyachts.no/post/solgt-scand-baltic-29,5,235,2.13%,14.72
https://www.houseofyachts.no/post/solgt-nimbus-35-nova-ht-1,5,234,2.14%,6.17
https://www.houseofyachts.no/Baater/nordkapp-905-grand-coupe,5,210,2.38%,15.7
https://www.houseofyachts.no/Baater/fairline-squadron-55,5,182,2.75%,11.05
https://www.houseofyachts.no/Baater/beneteau-mc5,5,179,2.79%,17.62
https://www.houseofyachts.no/post/goldfish-30-sport-oppgradere-fra-goldfish-29-sport,5,169,2.96%,24.05
https://www.houseofyachts.no/Baater/sunseeker-manhattan-73,5,133,3.76%,23.91
https://www.houseofyachts.no/post/solgt-aquador-26-dc,5,111,4.5%,26.54
https://www.houseofyachts.no/post/solgt-nimbus-33-nova,5,89,5.62%,11.44
https://www.houseofyachts.no/Baater/seaside-23,5,84,5.95%,8.87
https://www.houseofyachts.no/en/Baater/hydrolift-x-32s-r,5,61,8.2%,8.18
https://www.houseofyachts.no/en/Baater/sargo-25,5,39,12.82%,10.08
https://www.houseofyachts.no/en/Baater/princess-25m,5,28,17.86%,5.11
https://www.houseofyachts.no/post/archambault-a-31-for-salg,5,14,35.71%,6.64
https://www.houseofyachts.no/post/solgt-nimbus-29-nova,4,464,0.86%,15.85
https://www.houseofyachts.no/Baater/boston-whaler-370-outrage,4,397,1.01%,42.9
https://www.houseofyachts.no/Baater/pershing-64,4,396,1.01%,48.27
https://www.houseofyachts.no/Baater/wolstenholme-38,4,311,1.29%,35.38
https://www.houseofyachts.no/post/solgt-bayline-avanti-4085,4,230,1.74%,16.4
https://www.houseofyachts.no/en/Baater/candela-c-8,4,203,1.97%,16.49
https://www.houseofyachts.no/post/windy-26-kharma-for-salg,4,141,2.84%,31.43
https://www.houseofyachts.no/en/Baater/marex-360-cc---2022,4,130,3.08%,9.42
https://www.houseofyachts.no/post/solgt-beneteau-figaro-2,4,101,3.96%,19.62
https://www.houseofyachts.no/post/solgt-nimbus-300r,4,59,6.78%,17.69
https://www.houseofyachts.no/blogg/page/4,4,54,7.41%,12.65
https://www.houseofyachts.no/post/nimbus-320-coupé-for-salg,4,52,7.69%,22.9
https://www.houseofyachts.no/post/seabreacher-z-for-salg,4,49,8.16%,24.14
https://www.houseofyachts.no/post/solgt-grand-banks-47-eu-heritage-edition,4,44,9.09%,20.32
https://www.houseofyachts.no/post/fleming-58-for-salg,4,33,12.12%,14.3
https://www.houseofyachts.no/post/solgt-hanse-355,4,8,50%,20.75
https://www.houseofyachts.no/sold,3,422,0.71%,12.2
https://www.houseofyachts.no/Baater/goldfish-28-tender-#069,3,319,0.94%,14.2
https://www.houseofyachts.no/Baater/viksund-290/310-st.-cruz,3,308,0.97%,6.45
https://www.houseofyachts.no/post/solgt-goldfish-23-tender-mkiii,3,188,1.6%,10.68
https://www.houseofyachts.no/post/modesty-33-sc-for-salg,3,142,2.11%,5.54
https://www.houseofyachts.no/Baater/goldfish-23-tender-2017,3,132,2.27%,24.65
https://www.houseofyachts.no/en/Baater/goldfish-29-sport,3,116,2.59%,10.61
https://www.houseofyachts.no/blogg/page/8,3,101,2.97%,14.13
https://www.houseofyachts.no/Baater/axopar-37-,3,101,2.97%,21.65
https://www.houseofyachts.no/Baater/ryck-280-m/-mercury-verado-350hk,3,100,3%,14.19
https://www.houseofyachts.no/en/Baater/ibiza-881-t-special-edition,3,82,3.66%,8.74
https://www.houseofyachts.no/Baater/skorgenes-sonic-445-fly,3,81,3.7%,5.37
https://www.houseofyachts.no/en/Baater/windy-35-khamsin,3,80,3.75%,6.25
https://www.houseofyachts.no/post/nytt-navn-house-of-yachts,3,77,3.9%,13.62
https://www.houseofyachts.no/en/Baater/nimbus-250-r,3,69,4.35%,9.41
https://www.houseofyachts.no/post/wallytender-45-available-for-daycharters-with-captain-in-oslo,3,60,5%,14.82
https://www.houseofyachts.no/en/Baater/nimbus-30s,3,52,5.77%,11.94
https://www.houseofyachts.no/post/månedens-båt-itama-forty,3,51,5.88%,15.65
https://www.houseofyachts.no/en/Baater/azimut-atlantis-40-ht,3,44,6.82%,8.91
https://www.houseofyachts.no/post/goldfish-29-sport-for-salg-2,3,37,8.11%,30.05
https://www.houseofyachts.no/post/solgt-modesty-33-sc,3,35,8.57%,4.4
https://www.houseofyachts.no/post/solgt-nimbus-250r,3,35,8.57%,22.43
https://www.houseofyachts.no/en/Baater/bavaria-44-vision,3,34,8.82%,6.56
https://www.houseofyachts.no/post/ny-medarbeider-møt-jeanette,3,33,9.09%,5.45
https://www.houseofyachts.no/post/beneteau-mc6s-for-salg,3,33,9.09%,12.09
https://www.houseofyachts.no/blogg/categories/markedsnyheter/page/2,3,31,9.68%,17.06
https://www.houseofyachts.no/en/Baater/aquador-26-dc,3,30,10%,10.13
https://www.houseofyachts.no/post/solgt-chris-craft-carina-21,3,23,13.04%,37.17
https://www.houseofyachts.no/post/saffier-se-33-ud-for-salg,3,15,20%,7.4
https://www.houseofyachts.no/post/candela-speedboats,2,290,0.69%,44.28
https://www.houseofyachts.no/Baater/goldfish-29-sport---2016,2,285,0.7%,14.72
https://www.houseofyachts.no/post/ledig-stilling-detailer-båtklargjører,2,265,0.75%,54.93
https://www.houseofyachts.no/post/solgt,2,220,0.91%,30.97
https://www.houseofyachts.no/Baater/riva-76-perseo,2,206,0.97%,15.82
https://www.houseofyachts.no/en/BaaterTilSalgs,2,146,1.37%,15.11
https://www.houseofyachts.no/Baater/seaside-23---2023,2,129,1.55%,6.95
https://www.houseofyachts.no/en/Baater/bavaria-40-cruiser,2,114,1.75%,13.25
https://www.houseofyachts.no/blogg/categories/markedsnyheter/page/3,2,113,1.77%,56.74
https://www.houseofyachts.no/Baater/goldfish-30-sport-#038,2,104,1.92%,14.26
https://www.houseofyachts.no/blogg/page/7,2,100,2%,13.39
https://www.houseofyachts.no/Baater/lagoon-560-s2,2,80,2.5%,14.14
https://www.houseofyachts.no/Baater/beneteau-mc6s,2,80,2.5%,17.68
https://www.houseofyachts.no/en/Baater/beneteau-oceanis-37,2,78,2.56%,6.82
https://www.houseofyachts.no/Baater/anker-&-jensen-8mr-1914-carmen-iv,2,78,2.56%,7.18
https://www.houseofyachts.no/post/solgt-nimbus-320-coupe,2,68,2.94%,12.06
https://www.houseofyachts.no/en/Baater/anytec-860-spd,2,60,3.33%,11.77
https://www.houseofyachts.no/en/sail-division,2,52,3.85%,9.75
https://www.houseofyachts.no/post/kragstad-partners-video-update-ep-3,2,50,4%,17.98
https://www.houseofyachts.no/post/2021-goldfish-23-tender-mkiii-for-salg,2,49,4.08%,18.63
https://www.houseofyachts.no/post/ny-nordkapp-airborne-7-ødelagt-hiv-og-hoy-ep-37,2,49,4.08%,49.47
https://www.houseofyachts.no/blogg/categories/markedsnyheter/page/4,2,44,4.55%,17.14
https://www.houseofyachts.no/post/nimbus-250r-for-salg,2,33,6.06%,14.55
https://www.houseofyachts.no/en/Baater/nimbus-w9---2020,2,31,6.45%,15.16
https://www.houseofyachts.no/en/Baater/hanse-355,2,30,6.67%,7.47
https://www.houseofyachts.no/blogg/categories/månedens-båt,2,25,8%,30.52
https://www.houseofyachts.no/Baater/goldfish-30-sport---2022-#023,2,21,9.52%,21.19
https://www.houseofyachts.no/post/kommer-for-salg-windy-kharma-26,2,17,11.76%,33.29
https://www.houseofyachts.no/post/solgt-targa-27-1,2,15,13.33%,13.6
https://www.houseofyachts.no/en/Baater/jeanneau-sun-odyssey-519,2,13,15.38%,25.85
https://www.houseofyachts.no/en/Baater/nidelv-725-sport,2,10,20%,5.5
https://www.houseofyachts.no/Baater/nordkapp-airborne-7,1,450,0.22%,26.48
https://www.houseofyachts.no/post/ledig-stilling-content-repurposer-some-ansvarlig,1,400,0.25%,47.35
https://www.houseofyachts.no/post/månedens-båt-princess-f70,1,378,0.26%,14.52
https://www.houseofyachts.no/en/kjope-bat,1,334,0.3%,46.28
https://www.houseofyachts.no/post/høyhastighetskurs,1,290,0.34%,40.5
https://www.houseofyachts.no/en/blogg,1,248,0.4%,8.27
https://www.houseofyachts.no/post/3-generasjoner-goldfish-23-tender-husbåtvisninger-og-nordkapp-test-hiv-og-hoy-ep-39,1,212,0.47%,74.96
https://www.houseofyachts.no/en/Baater/saxdor-320-gtc,1,194,0.52%,8.84
https://www.houseofyachts.no/en/Baater/goldfish-28-tender-#069,1,184,0.54%,12.19
https://www.houseofyachts.no/Baater/carver-396-aft-cabin,1,176,0.57%,15.68
https://www.houseofyachts.no/en/nimbus250,1,176,0.57%,45.01
https://www.houseofyachts.no/en/Baater/goldfish-38-supersport---#021,1,142,0.7%,17.19
https://www.houseofyachts.no/post/nordkapp-airborn-7-for-salg,1,134,0.75%,45.46
https://www.houseofyachts.no/en/Baater/targa-27.1,1,129,0.78%,4.31
https://www.houseofyachts.no/Baater/axopar-28-open-2019,1,117,0.85%,9.01
https://www.houseofyachts.no/post/månedens-båt-vitters-18-50,1,109,0.92%,19.61
https://www.houseofyachts.no/Baater/goldfish-28-tender-merc-400r,1,96,1.04%,20.88
https://www.houseofyachts.no/post/høsten-2021-hva-skjer-i-båtmarkedet,1,95,1.05%,14.21
https://www.houseofyachts.no/en/Baater/axopar-28-cabin,1,94,1.06%,33.47
https://www.houseofyachts.no/post/ledig-stilling-båtmegler-trainee-juniormegler-1,1,78,1.28%,55.88
https://www.houseofyachts.no/en/sold,1,77,1.3%,3.29
"https://www.houseofyachts.no/Baater/comtesse-""liberty""",1,68,1.47%,7
https://www.houseofyachts.no/blogg/categories/markedsnyheter/page/5,1,68,1.47%,12.26
https://www.houseofyachts.no/post/solgt-nidelv-725-sport,1,66,1.52%,18.02
https://www.houseofyachts.no/post/2022-goldfish-30-sport-for-salg,1,65,1.54%,33.92
https://www.houseofyachts.no/post/solgt-nimbus-300r-1,1,63,1.59%,15.78
https://www.houseofyachts.no/Baater/beneteau-gran-turismo-38,1,54,1.85%,20.87
https://www.houseofyachts.no/post/solgt-marex-370-acc,1,50,2%,22.24
https://www.houseofyachts.no/en/Baater/nordkapp-760-noblesse,1,49,2.04%,36.98
https://www.houseofyachts.no/en/Baater/windy-7500,1,47,2.13%,7.04
https://www.houseofyachts.no/post/båter-ønskes-kjøpt,1,46,2.17%,36.83
https://www.houseofyachts.no/Baater/grandezza-27s,1,44,2.27%,5.07
https://www.houseofyachts.no/en/Baater/askeladden-c83,1,42,2.38%,8.14
https://www.houseofyachts.no/Baater/beneteau-oceanis-37,1,40,2.5%,4.8
https://www.houseofyachts.no/Baater/saxdor-320-gtc,1,37,2.7%,7.35
https://www.houseofyachts.no/Baater/goldfish-32-sc-2001,1,36,2.78%,6.36
https://www.houseofyachts.no/Baater/bertram-37-convertible,1,34,2.94%,24.62
https://www.houseofyachts.no/Baater/cranchi-47-mediterranee,1,31,3.23%,7.32
https://www.houseofyachts.no/en/Baater/grandezza-27s,1,30,3.33%,9.67
https://www.houseofyachts.no/post/axopar-37-sc-for-salg,1,27,3.7%,48.63
https://www.houseofyachts.no/en/Baater/baltic-kragerø-34,1,25,4%,12
https://www.houseofyachts.no/post/solgt-capelli-tempest-1000,1,25,4%,26.48
https://www.houseofyachts.no/post/solgt-nimbus-320-coupé,1,24,4.17%,20.71
https://www.houseofyachts.no/post/kragstad-partners-video-update-ep-2,1,24,4.17%,29.75
https://www.houseofyachts.no/post/er-dette-norges-råeste-solskinnsbåt-axopar-37-suntop-walkthrough,1,23,4.35%,9.91
https://www.houseofyachts.no/en/Baater/nordkapp-905-grand-coupe,1,23,4.35%,31.22
https://www.houseofyachts.no/en/Baater/nimbus-230-r,1,21,4.76%,5.48
https://www.houseofyachts.no/Baater/goldfish-29-rib-tender,1,21,4.76%,7.1
https://www.houseofyachts.no/post/skipper-til-dagcharter-søkes-til-45-fots-dayboat,1,21,4.76%,17.19
https://www.houseofyachts.no/blogg/categories/markedsnyheter,1,20,5%,16.95
https://www.houseofyachts.no/post/dufour-385-gl-for-salg,1,19,5.26%,25.42
https://www.houseofyachts.no/post/solgt-nimbus-280-coupé,1,18,5.56%,28.22
https://www.houseofyachts.no/post/solgt-pershing-64,1,15,6.67%,10.13
https://www.houseofyachts.no/en/Baater/nimbus-320-coupè---2003,1,13,7.69%,9.08
https://www.houseofyachts.no/en/Baater/bavaria-37-ac,1,13,7.69%,13.08
https://www.houseofyachts.no/en/Baater/Jeanneau-SO-49-DS,1,11,9.09%,4.36
https://www.houseofyachts.no/post/solgt-axopar-37-sports-cabin,1,10,10%,42.2
https://www.houseofyachts.no/Baater/Bavaria-37-Cruiser---2006,1,9,11.11%,4.44
https://www.houseofyachts.no/Baater/Chris-Craft-Carina-21,1,8,12.5%,5.62
https://www.houseofyachts.no/post/azimut-atlantis-40-ht-for-salg,1,6,16.67%,7.5
https://www.houseofyachts.no/en/Baater/arctic-blue-27-mkii,1,4,25%,5.75
https://www.houseofyachts.no/Baater/Bavaria-37-AC,1,4,25%,7.25
https://www.houseofyachts.no/en/Baater/bavaria-360-sport-open,1,4,25%,12.75
https://www.houseofyachts.no/post/ledig-stilling-innholdsprodusent-some-ansvarlig,1,1,100%,2
https://www.houseofyachts.no/post/vi-spiller-inn-en-reklamevideo-hiv-og-hoy-ep-35,0,2853,0%,61.75
https://www.houseofyachts.no/post/ledig-stilling-youtube-ansvarlig-innholdsprodusent,0,861,0%,84.4
https://www.houseofyachts.no/en/selge-bat,0,554,0%,51.47
https://www.houseofyachts.no/blogg/categories/hiv-og-hoy-episoder,0,447,0%,49.65
https://www.houseofyachts.no/post/solgt-cormate-23-super-utility,0,248,0%,48.73
https://www.houseofyachts.no/post/solgt-nordkapp-enduro-705,0,204,0%,50.66
https://www.houseofyachts.no/Baater/pardo-p43,0,203,0%,17.44
https://www.houseofyachts.no/en/Baater/goldfish-28-bullet-#024,0,197,0%,14.1
https://www.houseofyachts.no/post/goldfish-38-supersport-for-salg,0,161,0%,25.12
https://www.houseofyachts.no/post/helt-nye-candela-c-8-er-lansert,0,146,0%,45.29
https://www.houseofyachts.no/Baater/goldfish-28-tender-#057,0,145,0%,9.56
https://www.houseofyachts.no/post/kommer-for-salg-goldfish-28-tender,0,142,0%,32.57
https://www.houseofyachts.no/members,0,141,0%,2.84
https://www.houseofyachts.no/Baater/goldfish-38-supersport---#021,0,135,0%,12.82
https://www.houseofyachts.no/post/solgt-goldfish-28-tender,0,105,0%,31.43
https://www.houseofyachts.no/en/Baater/beneteau-swift-trawler-34,0,95,0%,31.67
https://www.houseofyachts.no/en/Baater/nimbus-230r---2007,0,87,0%,43.94
https://www.houseofyachts.no/post/galeon-440-fly-solgt,0,86,0%,61.77
https://www.houseofyachts.no/post/startskuddet-for-årets-båtsesong,0,84,0%,41.1
https://www.houseofyachts.no/post/ledig-stilling-summer-internship,0,67,0%,48.31
https://www.houseofyachts.no/post/solgt-goldfish-29-sport-1,0,66,0%,69.82
https://www.houseofyachts.no/post/solgt-bavaria-37-cruiser,0,57,0%,33.37
https://www.houseofyachts.no/post/solgt-goldfish-23-tender,0,56,0%,24.54
https://www.houseofyachts.no/post/2018-goldfish-23-tender-mkii-for-salg,0,56,0%,26.09
https://www.houseofyachts.no/post/goldfish-29-sport-for-salg-1,0,55,0%,56.36
https://www.houseofyachts.no/post/solgt-goldfish-29-sport,0,54,0%,67.43
https://www.houseofyachts.no/en/Baater/nimbus-t9,0,52,0%,31.04
https://www.houseofyachts.no/en/Baater/nimbus-300r,0,49,0%,31.55
https://www.houseofyachts.no/post/ny-i-markedet-axopar-28-open,0,46,0%,22.54
https://www.houseofyachts.no/post/solgt-axopar-28-open,0,42,0%,20.38
https://www.houseofyachts.no/post/kommer-for-salg-expression-29,0,41,0%,49.39
https://www.houseofyachts.no/post/solgt-nimbus-35-nova-ht,0,40,0%,25.88
https://www.houseofyachts.no/Baater/goldfish-28-tender-#60,0,39,0%,14.38
https://www.houseofyachts.no/blogg/page/5,0,36,0%,42.86
https://www.houseofyachts.no/post/bavaria-37-cruiser-for-salg,0,34,0%,34.18
https://www.houseofyachts.no/post/selge-skitten-og-oksidert-båt-hiv-og-hoy-ep-31,0,32,0%,17
https://www.houseofyachts.no/post/hoy-pod-ep-1-hva-skjer-i-båtmarkedet-nå-kåring-av-årets-kuleste-båt,0,32,0%,65.81
https://www.houseofyachts.no/post/princess-25m-nå-registrert-i-nor,0,31,0%,35.68
https://www.houseofyachts.no/post/capelli-tempest-1000-for-salg,0,30,0%,11.23
https://www.houseofyachts.no/Baater/chris-craft-25-corsair-2005,0,30,0%,25.33
https://www.houseofyachts.no/en/Baater/brig-eagle-8-hankø-edition,0,29,0%,7.07
https://www.houseofyachts.no/post/chris-craft-carina-21-for-salg,0,29,0%,20.66
https://www.houseofyachts.no/post/2017-beneteau-mc6-s-for-salg,0,28,0%,36.54
https://www.houseofyachts.no/post/ny-i-markedet-2019-cormate-t-27,0,26,0%,23.27
https://www.houseofyachts.no/en/baatmegler,0,25,0%,2
https://www.houseofyachts.no/Baater/cranchi-mediterrane-47,0,25,0%,8.6
https://www.houseofyachts.no/blogg/page/3,0,25,0%,15.76
https://www.houseofyachts.no/post/hva-du-må-få-med-deg-på-båter-i-sjøen-2022,0,25,0%,20.4
https://www.houseofyachts.no/post/solgt-princess-v52,0,25,0%,33.2
https://www.houseofyachts.no/post/kjøreregler-for-et-lykkeligere-båtliv,0,25,0%,38.48
https://www.houseofyachts.no/post/princess-68-for-salg,0,25,0%,47.36
https://www.houseofyachts.no/post/m-y-illusion-plus-for-salg,0,25,0%,51.68
https://www.houseofyachts.no/post/solgt-2015-goldfish-29-sport,0,25,0%,51.88
https://www.houseofyachts.no/post/ny-i-markedet-glastron-gs-259,0,24,0%,9.96
https://www.houseofyachts.no/Baater/goldfish-30-sport---2021-#009,0,22,0%,20.82
https://www.houseofyachts.no/en/Baater/windy-28-ghibli---2001,0,21,0%,7.29
https://www.houseofyachts.no/post/solgt-bavaria-vision-40,0,21,0%,18.43
https://www.houseofyachts.no/post/solgt-cormate-t-27-1,0,20,0%,40.75
https://www.houseofyachts.no/blogg/,0,19,0%,2.63
https://www.houseofyachts.no/Baater/lagoon-52-f,0,19,0%,6.32
https://www.houseofyachts.no/post/vi-kjører-verdens-første-foilende-og-elektriske-båt-hiv-og-hoy-ep-36,0,19,0%,64.32
https://www.houseofyachts.no/en/Baater/dufour-385-grand-large,0,18,0%,6.5
https://www.houseofyachts.no/en/Baater/fjord-40-open---2007,0,18,0%,7.61
https://www.houseofyachts.no/post/solgt-2011-goldfish-23-tender,0,18,0%,20.67
https://www.houseofyachts.no/Baater/ibiza-811-touring,0,17,0%,11.65
https://www.houseofyachts.no/post/coronavirus-sjøen-for-alle-avlyst-og-rekordsvak-krone,0,16,0%,17.88
https://www.houseofyachts.no/post/solgt-cormate-t-27,0,14,0%,21.29
https://www.houseofyachts.no/en/nautibuoy,0,14,0%,35.93
https://www.houseofyachts.no/Baater/baltic-kragerø-34,0,12,0%,13.08
https://www.houseofyachts.no/post/vandutch-40-open-for-salg,0,12,0%,14.42
https://www.houseofyachts.no/en/Baater/nimbus-305-drophead,0,12,0%,14.75
https://www.houseofyachts.no/post/hiv-og-hoy-ep-33-nordkapp-walkthrough-60-fots-yacht-og-fredrikstadtur,0,12,0%,18.75
https://www.houseofyachts.no/post/ledig-stilling-some-ansvarlig-content-creator,0,12,0%,39.42
https://www.houseofyachts.no/post/skal-vi-kjøpe-båt-hiv-og-hoy-ep-38,0,12,0%,60.92
https://www.houseofyachts.no/post/riva-76-perseo-for-salg,0,12,0%,65.92
https://www.houseofyachts.no/en/Baater/goldfish-30-sport---2022,0,11,0%,4.82
https://www.houseofyachts.no/Baater/bavaria-330-sport-ht,0,11,0%,9.82
https://www.houseofyachts.no/blogg/categories/råd-og-tips,0,11,0%,19.36
https://www.houseofyachts.no/post/2021-marex-360cc-for-salg,0,11,0%,30.82
https://www.houseofyachts.no/en/Baater/elan-37,0,10,0%,4.7
https://www.houseofyachts.no/Baater/goldfish-30-sport-#16,0,10,0%,14
https://www.houseofyachts.no/post/nyansettelser-kaos-og-detailing-hiv-og-hoy-ep-32,0,10,0%,14
https://www.houseofyachts.no/post/ledig-deltidsstilling-videoklipper-innholdsprodusent,0,10,0%,21.3
https://www.houseofyachts.no/en/Baater/marex-360-cc,0,9,0%,7.22
https://www.houseofyachts.no/post/chris-craft-25-corsair-for-salg,0,9,0%,23.33
https://www.houseofyachts.no/en/Baater/nimbus-35-nova-ht-,0,9,0%,33.67
https://www.houseofyachts.no/post/hoy-pod-ep-2-blytung-norsk-båtøkonomi-rødts-yachtskatt-og-tvangsauksjon-av-russiske-fartøy,0,9,0%,45.44
https://www.houseofyachts.no/post/pershing-64-inn-for-salgf,0,8,0%,7.12
https://www.houseofyachts.no/post/lagoon-39-for-salg-i-kroatia,0,8,0%,8.75
https://www.houseofyachts.no/blogg/categories/hoy-pod,0,8,0%,22
https://www.houseofyachts.no/post/s-y-state-of-grace-for-salg,0,8,0%,23.25
https://www.houseofyachts.no/blogg/categories/tester,0,8,0%,28.75
https://www.houseofyachts.no/en/Baater/bertram-37-convertible,0,8,0%,31.5
https://www.houseofyachts.no/en/Baater/goldfish-30-sport-#16,0,7,0%,7.43
https://www.houseofyachts.no/en/Baater/axopar-28-open,0,7,0%,9.43
https://www.houseofyachts.no/en/Baater/nimbus-230r,0,7,0%,9.86
https://www.houseofyachts.no/blogg/categories/bloggposter,0,7,0%,36.29
https://www.houseofyachts.no/Baater/vandutch-40-open---2008,0,6,0%,6
https://www.houseofyachts.no/post/ny-medarbeider-møt-jonas,0,6,0%,12.33
https://www.houseofyachts.no/en/Baater/scand-baltic-29,0,5,0%,6
https://www.houseofyachts.no/post/åpen-dag-hos-asker-seilforening,0,5,0%,32
https://www.houseofyachts.no/post/solgt-goldfish-29-sport-2016,0,5,0%,36.4
https://www.houseofyachts.no/post/solgt-glastron-gs259,0,5,0%,53.2
https://www.houseofyachts.no/en/Baater/seaside-23,0,4,0%,5.25
https://www.houseofyachts.no/en/Baater/boston-whaler-190-outrage,0,4,0%,5.5
https://www.houseofyachts.no/en/Baater/cormate-t-27,0,4,0%,5.5
https://www.houseofyachts.no/post/solgt-carver-396-ac,0,4,0%,7
https://www.houseofyachts.no/en/Baater/nimbus-35-nova-ht,0,4,0%,8
https://www.houseofyachts.no/en/Baater/nimbus-35-nova-ht---2008,0,4,0%,22.25
https://www.houseofyachts.no/blogg/page/9,0,4,0%,26.5
https://www.houseofyachts.no/en/Baater/delphia-40.3,0,4,0%,42.5
https://www.houseofyachts.no/en/Baater/bavaria-e34-fly,0,3,0%,3.67
https://www.houseofyachts.no/en/Baater/nord-west-370-coupé,0,3,0%,3.67
https://www.houseofyachts.no/en/Baater/riva-dolceriva-48,0,3,0%,4
https://www.houseofyachts.no/en/Baater/capelli-tempest-1000,0,3,0%,6.33
https://www.houseofyachts.no/blogg/categories/markedsnyheter/page/6,0,3,0%,31.33
https://www.houseofyachts.no/post/m-y-tutku-for-salg,0,3,0%,42.33
https://www.houseofyachts.no/Baater/cormate-23-su---2022-shark-grey,0,2,0%,8
https://www.houseofyachts.no/en/Baater/goldfish-28-rib,0,2,0%,8
https://www.houseofyachts.no/en/Baater/pershing-64,0,2,0%,8.5
https://www.houseofyachts.no/Baater/goldfish-28-bullet-#020,0,2,0%,10.5
https://www.houseofyachts.no/en/Baater/nimbus-280-coupé,0,2,0%,12
https://www.houseofyachts.no/post/solgt-2005-jeanneau-so-49-ds,0,2,0%,38
http://houseofyachts.no/,0,1,0%,1
https://www.houseofyachts.no/en/Baater/askeladden-c80-cruiser,0,1,0%,2
https://www.houseofyachts.no/en/Baater/sandvik-945,0,1,0%,3
https://www.houseofyachts.no/en/Baater/beneteau-mc6s,0,1,0%,5
https://www.houseofyachts.no/en/Baater/goldfish-29-sport---2016,0,1,0%,8
https://www.houseofyachts.no/en/Baater/nimbus-29-nova,0,1,0%,8
https://www.houseofyachts.no/en/Baater/hydrolift-s24-diablo,0,1,0%,9
https://www.houseofyachts.no/en/Baater/seaside-23---2023,0,1,0%,9
https://www.houseofyachts.no/en/Baater/windy-44-chinook,0,1,0%,9
https://www.houseofyachts.no/post/solgt-vandutch-40-open,0,1,0%,10
https://www.houseofyachts.no/en/Baater/goldfish-30-sport,0,1,0%,15
https://www.houseofyachts.no/en/Baater/marex-280-holiday,0,1,0%,20
https://www.houseofyachts.no/Baater/Nordkapp-Airborne-7,0,1,0%,22
https://www.houseofyachts.no/en/Baater/Beneteau-MC6S,0,1,0%,27
https://www.houseofyachts.no/en/Baater/fleming-58,0,1,0%,72
https://www.houseofyachts.no/post/solgt-nordkapp-noblesse-720,0,1,0%,90