wix_title,wix_url,wix_year,wix_updated,orig_status,deal_match,n_exact,n_loose,candidates
Bavaria 44 Vision,bavaria-44-vision,2008,2022-06-08,EXACT_SLUG_PLUS_SIG_DUPES,EXACT_1,1,0,"EXACT id=351414280411 name=""Bavaria 44 Vision"" path=bavaria-44-vision year=2008 status=None #deals=2"
Goldfish 29 RIB Tender,goldfish-29-rib-tender,2011,2025-08-25,EXACT_SLUG_PLUS_SIG_DUPES,EXACT_1,1,1,"EXACT id=351479078075 name=""Goldfish 29 rib Tender"" path=goldfish-29-rib-tender year=2011 status=for-sale #deals=1 ||| LOOSE id=351446935762 name=""Goldfish 29 RIB Tender (2009)"" path=goldfish-29-rib-tender-2009 year=2009 status=for-sale #deals=1"
Nimbus W9,nimbus-w9,2022,2025-07-04,EXACT_SLUG_PLUS_SIG_DUPES,EXACT_1,1,0,"EXACT id=351443201238 name=""Nimbus W9"" path=nimbus-w9 year=2020 status=for-sale #deals=1"
Goldfish 30 Sport - Diesel,goldfish-30-sport---diesel,2021,2025-04-25,MULTIPLE_SIG_CANDIDATES,LOOSE_MULTI,0,5,"LOOSE id=351479119073 name=""Goldfish 30 Sport - 2023"" path=goldfish-30-sport-2023 year=2023 status=None #deals=1 ||| LOOSE id=351481042122 name=""Goldfish 30 Sport"" path=goldfish-30-sport year=2022 status=None #deals=1 ||| LOOSE id=351481042124 name=""Goldfish 30 Sport"" path=goldfish-30-sport-2 year=2022 status=None #deals=1 ||| LOOSE id=351482911944 name=""Goldfish 30 Sport"" path=goldfish-30-sport-3 year=2021 status=sold #deals=1"
Nimbus 35 Nova HT,nimbus-35-nova-ht-,2005,2021-04-16,MULTIPLE_SIG_CANDIDATES,EXACT_MULTI,3,0,"EXACT id=351443213551 name=""Nimbus 35 Nova HT"" path=nimbus-35-nova-ht year=None status=None #deals=1 ||| EXACT id=351443141858 name=""Nimbus 35 Nova HT"" path=nimbus-35-nova-ht-2 year=None status=None #deals=1 ||| EXACT id=351482888429 name=""Nimbus 35 Nova HT"" path=nimbus-35-nova-ht-3 year=None status=None #deals=1"
Marex 310 Sun Cruiser,marex-310-sun-cruiser,2021,2024-01-26,EXACT_SLUG_PLUS_SIG_DUPES,NONE,0,0,
Jeanneau Cap Camarat 925 WA,jeanneau-cap-camarat-925-wa,2008,2025-10-02,EXACT_SLUG_PLUS_SIG_DUPES,EXACT_1,1,0,"EXACT id=351484705015 name=""Jeanneau Cap Camarat 925 WA"" path=jeanneau-cap-camarat-925-wa year=2008 status=None #deals=1"
Goldfish 29 Sport - 2016,goldfish-29-sport---2016,2016,2021-05-18,MULTIPLE_SIG_CANDIDATES,LOOSE_MULTI,0,3,"LOOSE id=351443213561 name=""Goldfish 29 Sport"" path=goldfish-29-sport year=None status=None #deals=1 ||| LOOSE id=351443201214 name=""Goldfish 29 Sport"" path=goldfish-29-sport-2 year=None status=None #deals=1 ||| LOOSE id=351459866843 name=""Goldfish 29 Sport"" path=goldfish-29-sport-3 year=None status=None #deals=1"
Goldfish 29 Sport - 2016,goldfish-29-sport---2016,2016,2021-11-10,MULTIPLE_SIG_CANDIDATES,LOOSE_MULTI,0,3,"LOOSE id=351443213561 name=""Goldfish 29 Sport"" path=goldfish-29-sport year=None status=None #deals=1 ||| LOOSE id=351443201214 name=""Goldfish 29 Sport"" path=goldfish-29-sport-2 year=None status=None #deals=1 ||| LOOSE id=351459866843 name=""Goldfish 29 Sport"" path=goldfish-29-sport-3 year=None status=None #deals=1"
Elan 37,elan-37,2006,2019-07-16,EXACT_SLUG_PLUS_SIG_DUPES,EXACT_1,1,0,"EXACT id=351414280409 name=""Elan 37"" path=elan-37 year=None status=None #deals=1"
Beneteau Figaro 2,beneteau-figaro-2,2003,2022-06-08,EXACT_SLUG_PLUS_SIG_DUPES,EXACT_1,1,0,"EXACT id=351443310800 name=""Beneteau Figaro 2"" path=beneteau-figaro-2 year=None status=None #deals=1"
Nordkapp 905 Grand Coupe,nordkapp-905-grand-coupe,2021,2025-08-26,EXACT_SLUG_PLUS_SIG_DUPES,EXACT_1,1,1,"EXACT id=351443262703 name=""Nordkapp 905 Grand Coupe"" path=nordkapp-905-grand-coupe-2 year=2021 status=None #deals=1 ||| LOOSE id=351446935756 name=""Nordkapp 905 Gran Coupe"" path=nordkapp-905-gran-coupe year=2020 status=None #deals=1"
Marex 375,marex-375,2021,2023-04-16,EXACT_SLUG_PLUS_SIG_DUPES,EXACT_1,1,0,"EXACT id=351482888417 name=""Marex 375"" path=marex-375 year=None status=None #deals=1"
Goldfish 28 Bullet #020,goldfish-28-bullet-%23020,2020,2025-06-18,MULTIPLE_SIG_CANDIDATES,LOOSE_MULTI,0,2,"LOOSE id=351475307767 name=""Goldfish 28 Bullet"" path=goldfish-28-bullet year=2023 status=None #deals=1 ||| LOOSE id=351443090620 name=""Goldfish 28 Bullet"" path=goldfish-28-bullet-3 year=2020 status=None #deals=1"
Goldfish 29 Sport,goldfish-29-sport,2018,2020-06-05,EXACT_SLUG_PLUS_SIG_DUPES,EXACT_MULTI,3,0,"EXACT id=351443213561 name=""Goldfish 29 Sport"" path=goldfish-29-sport year=None status=None #deals=1 ||| EXACT id=351443201214 name=""Goldfish 29 Sport"" path=goldfish-29-sport-2 year=None status=None #deals=1 ||| EXACT id=351459866843 name=""Goldfish 29 Sport"" path=goldfish-29-sport-3 year=None status=None #deals=1"
Nimbus 230 R,nimbus-230-r,2003,2019-07-18,MULTIPLE_SIG_CANDIDATES,NONE,0,0,
Nordkapp Airborne 7,nordkapp-airborne-7,2021,2023-04-16,MULTIPLE_SIG_CANDIDATES,NONE,0,0,
Goldfish 28 Tender Merc 400R,goldfish-28-tender-merc-400r,2017,2025-05-20,MULTIPLE_SIG_CANDIDATES,LOOSE_MULTI,0,7,"LOOSE id=351443141853 name=""Goldfish 28 Tender"" path=goldfish-28-tender year=None status=None #deals=1 ||| LOOSE id=351482888432 name=""Goldfish 28 Tender"" path=goldfish-28-tender-2 year=None status=None #deals=1 ||| LOOSE id=351482888440 name=""Goldfish 28 Tender"" path=goldfish-28-tender-3 year= status=None #deals=1 ||| LOOSE id=351456244951 name=""Goldfish 28 Tender"" path=goldfish-28-tender-4 year=2022 status=for-sale #deals=2"
Nimbus 300R - 2005 modell,nimbus-300r---2005-modell,2005,2022-06-08,MULTIPLE_SIG_CANDIDATES,LOOSE_MULTI,0,11,"LOOSE id=351443213549 name=""Nimbus 300R"" path=nimbus-300r-2 year=None status=None #deals=1 ||| LOOSE id=351443213554 name=""Nimbus 300R"" path=nimbus-300r-3 year=None status=None #deals=1 ||| LOOSE id=351443213556 name=""Nimbus 300R"" path=nimbus-300r year=None status=None #deals=1 ||| LOOSE id=351388463321 name=""Nimbus 300R"" path=nimbus-300r-5 year=None status=None #deals=1"
Hanse 355,hanse-355,2011,2021-06-30,EXACT_SLUG_PLUS_SIG_DUPES,EXACT_1,1,0,"EXACT id=351443141855 name=""Hanse 355"" path=hanse-355 year= status=None #deals=1"
Nimbus 300R,nimbus-300r,2005,2020-02-03,EXACT_SLUG_PLUS_SIG_DUPES,EXACT_MULTI,11,0,"EXACT id=351443213549 name=""Nimbus 300R"" path=nimbus-300r-2 year=None status=None #deals=1 ||| EXACT id=351443213554 name=""Nimbus 300R"" path=nimbus-300r-3 year=None status=None #deals=1 ||| EXACT id=351443213556 name=""Nimbus 300R"" path=nimbus-300r year=None status=None #deals=1 ||| EXACT id=351388463321 name=""Nimbus 300R"" path=nimbus-300r-5 year=None status=None #deals=1 ||| EXACT id=351388463329 name=""Nimbus 300R"" path=nimbus-300r-4 year=None status=None #deals=1 ||| EXACT id=351414280420 name=""Nimbus 300R"" path=nimbus-300r-6 year=None status=None #deals=1 ||| EXACT id=351482888430 name=""Nimbus 300R"" path=nimbus-300r-7 year=None status=None #deals=1 ||| EXACT id=351443310787 name=""Nimbus 300R"" path=nimbus-300r-8 year=None status=None #deals=1 ||| EXACT id=351459866835 name=""Nimbus 300R "" path=nimbus-300r-9 year=2005 status=sold #deals=2 ||| EXACT id=351459866838 name=""Nimbus 300R"" path=nimbus-300r-10 year=None status=None #deals=2 ||| EXACT id=351479119065 name=""Nimbus 300R"" path=nimbus-300r-11 year=2006 status=None #deals=1"
Bavaria 37 Cruiser,bavaria-37-cruiser,2006,2019-05-15,EXACT_SLUG_PLUS_SIG_DUPES,EXACT_MULTI,5,0,"EXACT id=351443213550 name=""Bavaria 37 Cruiser"" path=bavaria-37-cruiser year=None status=None #deals=1 ||| EXACT id=351443141841 name=""Bavaria 37 Cruiser"" path=bavaria-37-cruiser-3 year=None status=None #deals=1 ||| EXACT id=351443141849 name=""Bavaria 37 Cruiser"" path=bavaria-37-cruiser-2 year=None status=None #deals=1 ||| EXACT id=351443201227 name=""Bavaria 37 Cruiser"" path=bavaria-37-cruiser-4 year=None status=None #deals=1 ||| EXACT id=351446910180 name=""Bavaria 37 Cruiser"" path=bavaria-37-cruiser-6 year=2007 status=None #deals=1"
Windy 35 Khamsin,windy-35-khamsin,2007,2023-07-15,EXACT_SLUG_PLUS_SIG_DUPES,EXACT_1,1,0,"EXACT id=351443214533 name=""Windy 35 Khamsin"" path=windy-35-khamsin year=2008 status=None #deals=1"
Goldfish 28 Tender #001,goldfish-28-tender-%23001,2011,2025-06-11,MULTIPLE_SIG_CANDIDATES,LOOSE_MULTI,0,7,"LOOSE id=351443141853 name=""Goldfish 28 Tender"" path=goldfish-28-tender year=None status=None #deals=1 ||| LOOSE id=351482888432 name=""Goldfish 28 Tender"" path=goldfish-28-tender-2 year=None status=None #deals=1 ||| LOOSE id=351482888440 name=""Goldfish 28 Tender"" path=goldfish-28-tender-3 year= status=None #deals=1 ||| LOOSE id=351456244951 name=""Goldfish 28 Tender"" path=goldfish-28-tender-4 year=2022 status=for-sale #deals=2"
Windy 7500,windy-7500,2000,2020-04-22,SIGNATURE_MATCH_ONLY,NONE,0,0,
Bavaria 40 Cruiser,bavaria-40-cruiser,2011,2019-06-05,EXACT_SLUG_PLUS_SIG_DUPES,EXACT_1,1,0,"EXACT id=351443141854 name=""Bavaria 40 Cruiser"" path=bavaria-40-cruiser year=None status=None #deals=1"
Bavaria 40 Vision,bavaria-40-vision,2008,2022-07-05,EXACT_SLUG_PLUS_SIG_DUPES,EXACT_1,1,0,"EXACT id=351443310801 name=""Bavaria 40 Vision"" path=bavaria-40-vision year=None status=None #deals=1"
Goldfish 23 Tender - 2018,goldfish-23-tender---2018,2018,2023-04-16,MULTIPLE_SIG_CANDIDATES,LOOSE_MULTI,0,8,"LOOSE id=351479078079 name=""Goldfish 23 Tender 2023"" path=goldfish-23-tender-2023 year=2023 status=None #deals=1 ||| LOOSE id=351443201222 name=""Goldfish 23 Tender"" path=goldfish-23-tender year=None status=None #deals=1 ||| LOOSE id=351443310793 name=""Goldfish 23 Tender"" path=goldfish-23-tender-2 year=None status=None #deals=1 ||| LOOSE id=351443310794 name=""Goldfish 23 Tender"" path=goldfish-23-tender-5 year=None status=None #deals=1"
Dufour 44 Performance,dufour-44-performance,2006,2025-10-02,EXACT_SLUG_PLUS_SIG_DUPES,EXACT_1,1,0,"EXACT id=351419699394 name=""Dufour 44 performance"" path=dufour-44-performance-2 year=2006 status=None #deals=1"
Windy 28 Ghibli - 2001,windy-28-ghibli---2001,2001,2025-08-08,MULTIPLE_SIG_CANDIDATES,LOOSE_MULTI,0,3,"LOOSE id=351443141852 name=""Windy 28 Ghibli"" path=windy-28-ghibli year=None status=None #deals=1 ||| LOOSE id=351481042118 name=""Windy 28 Ghibli"" path=windy-28-ghibli-2 year=2008 status=None #deals=1 ||| LOOSE id=351484705002 name=""Windy 28 Ghibli"" path=windy-28-ghibli-3 year=2004 status=None #deals=2"
Nimbus 33 Nova,nimbus-33-nova,2003,2020-05-20,EXACT_SLUG_PLUS_SIG_DUPES,EXACT_1,1,0,"EXACT id=351388463332 name=""Nimbus 33 Nova"" path=nimbus-33-nova year=None status=None #deals=1"
Beneteau MC6S,beneteau-mc6s,2017,2023-07-28,MULTIPLE_SIG_CANDIDATES,NONE,0,0,
Nimbus 35 Nova HT,nimbus-35-nova-ht,2005,2019-10-24,EXACT_SLUG_PLUS_SIG_DUPES,EXACT_MULTI,3,0,"EXACT id=351443213551 name=""Nimbus 35 Nova HT"" path=nimbus-35-nova-ht year=None status=None #deals=1 ||| EXACT id=351443141858 name=""Nimbus 35 Nova HT"" path=nimbus-35-nova-ht-2 year=None status=None #deals=1 ||| EXACT id=351482888429 name=""Nimbus 35 Nova HT"" path=nimbus-35-nova-ht-3 year=None status=None #deals=1"
Hydrolift X-32S R,hydrolift-x-32s-r,2021,2025-09-12,EXACT_SLUG_PLUS_SIG_DUPES,EXACT_1,1,0,"EXACT id=351446935769 name=""Hydrolift X-32S R"" path=hydrolift-x-32s-r year=2021 status=for-sale #deals=1"
Timeless Nordic,timeless-34-nordic,2018,2025-05-07,NO_MATCH_IN_HUBSPOT,NONE,0,0,
Beneteau Oceanis 37,beneteau-oceanis-37,2012,2025-10-30,EXACT_SLUG_PLUS_SIG_DUPES,NONE,0,0,
Goldfish 38 SuperSport,goldfish-38-supersport,2016,2024-08-30,EXACT_SLUG_PLUS_SIG_DUPES,NONE,0,0,
Fairline Targa 37,fairline-targa-37,1999,2025-10-02,EXACT_SLUG_PLUS_SIG_DUPES,NONE,0,0,
Nimbus W9 - 2020,nimbus-w9---2020,2020,2025-10-02,MULTIPLE_SIG_CANDIDATES,LOOSE_1,0,1,"LOOSE id=351443201238 name=""Nimbus W9"" path=nimbus-w9 year=2020 status=for-sale #deals=1"
Axopar 37 Cabin,axopar-37-cabin,2018,2020-02-03,EXACT_SLUG_PLUS_SIG_DUPES,NONE,0,0,
Ibiza 811 Touring,ibiza-811-touring,2017,2026-01-05,EXACT_SLUG_PLUS_SIG_DUPES,EXACT_1,1,0,"EXACT id=351361855723 name=""Ibiza 811 Touring"" path=ibiza-811-touring-2 year=2022 status=for-sale #deals=2"
Bavaria S36 HT,bavaria-s36-ht,2020,2025-05-19,EXACT_SLUG_PLUS_SIG_DUPES,EXACT_1,1,0,"EXACT id=351456244953 name=""Bavaria S36 HT"" path=bavaria-s36-ht year=2020 status=None #deals=1"
Anker & Jensen 8mR 1914 Carmen IV,anker-%26-jensen-8mr-1914-carmen-iv,1914,2021-12-28,NO_MATCH_IN_HUBSPOT,NONE,0,0,
Goldfish 28 Tender #057,goldfish-28-tender-%23057,2022,2025-10-30,MULTIPLE_SIG_CANDIDATES,LOOSE_MULTI,0,7,"LOOSE id=351443141853 name=""Goldfish 28 Tender"" path=goldfish-28-tender year=None status=None #deals=1 ||| LOOSE id=351482888432 name=""Goldfish 28 Tender"" path=goldfish-28-tender-2 year=None status=None #deals=1 ||| LOOSE id=351482888440 name=""Goldfish 28 Tender"" path=goldfish-28-tender-3 year= status=None #deals=1 ||| LOOSE id=351456244951 name=""Goldfish 28 Tender"" path=goldfish-28-tender-4 year=2022 status=for-sale #deals=2"
Windy 44 Chinook,windy-44-chinook,2010,2019-07-16,MULTIPLE_SIG_CANDIDATES,NONE,0,0,
Windy 35 Khamsin 2008 D6-370,windy-35-khamsin-2008-d6-370,2008,2025-08-08,MULTIPLE_SIG_CANDIDATES,LOOSE_1,0,1,"LOOSE id=351443214533 name=""Windy 35 Khamsin"" path=windy-35-khamsin year=2008 status=None #deals=1"
Jeanneau Sun Odyssey 36i,jeanneau-sun-odyssey-36i,2008,2025-10-02,EXACT_SLUG_PLUS_SIG_DUPES,NONE,0,0,
Nimbus T9,nimbus-t9,2019,2025-10-02,EXACT_SLUG_PLUS_SIG_DUPES,EXACT_1,1,0,"EXACT id=351484705016 name=""Nimbus T9"" path=nimbus-t9 year=2019 status=None #deals=1"
Cormate 35 Chase,cormate-35-chase,2023,2025-09-08,MULTIPLE_SIG_CANDIDATES,NONE,0,0,
Baltic Kragerø 34,baltic-krager%C3%B8-34,2002,2025-08-08,NO_MATCH_IN_HUBSPOT,NONE,0,0,
Lagoon 52 F,lagoon-52-f,2018,2025-10-13,MULTIPLE_SIG_CANDIDATES,LOOSE_1,0,1,"LOOSE id=351414280424 name=""Lagoon 52F"" path=lagoon-52f year=2018 status=for-sale #deals=1"
Goldfish 30 Sport #16,goldfish-30-sport-%2316,2021,2025-04-25,MULTIPLE_SIG_CANDIDATES,LOOSE_MULTI,0,5,"LOOSE id=351479119073 name=""Goldfish 30 Sport - 2023"" path=goldfish-30-sport-2023 year=2023 status=None #deals=1 ||| LOOSE id=351481042122 name=""Goldfish 30 Sport"" path=goldfish-30-sport year=2022 status=None #deals=1 ||| LOOSE id=351481042124 name=""Goldfish 30 Sport"" path=goldfish-30-sport-2 year=2022 status=None #deals=1 ||| LOOSE id=351482911944 name=""Goldfish 30 Sport"" path=goldfish-30-sport-3 year=2021 status=sold #deals=1"
Jeanneau SO 49 DS,jeanneau-so-49-ds,2005,2020-02-06,SIGNATURE_MATCH_ONLY,NONE,0,0,
Askeladden C80 Cruiser,askeladden-c80-cruiser,2021,2024-06-06,EXACT_SLUG_PLUS_SIG_DUPES,EXACT_1,1,0,"EXACT id=351481028825 name=""Askeladden c80 Cruiser"" path=askeladden-c80-cruiser year=2021 status=None #deals=1"
Nimbus 30s,nimbus-30s,2008,2019-05-15,EXACT_SLUG_PLUS_SIG_DUPES,EXACT_1,1,0,"EXACT id=351459866845 name=""Nimbus 30S"" path=nimbus-30s year=None status=None #deals=1"
Axopar 28 Open,axopar-28-open,2019,2020-06-05,EXACT_SLUG_PLUS_SIG_DUPES,EXACT_MULTI,2,1,"EXACT id=351443310785 name=""Axopar 28 Open"" path=axopar-28-open year=None status=None #deals=1 ||| EXACT id=351479119062 name=""Axopar 28 Open"" path=axopar-28-open-2 year=2019 status=None #deals=1 ||| LOOSE id=351481028819 name=""Axopar 28 Open - 2017"" path=axopar-28-open-2017 year=2017 status=None #deals=1"
Goldfish 23 Tender 2017,goldfish-23-tender-2017,2017,2020-09-12,MULTIPLE_SIG_CANDIDATES,LOOSE_MULTI,0,8,"LOOSE id=351479078079 name=""Goldfish 23 Tender 2023"" path=goldfish-23-tender-2023 year=2023 status=None #deals=1 ||| LOOSE id=351443201222 name=""Goldfish 23 Tender"" path=goldfish-23-tender year=None status=None #deals=1 ||| LOOSE id=351443310793 name=""Goldfish 23 Tender"" path=goldfish-23-tender-2 year=None status=None #deals=1 ||| LOOSE id=351443310794 name=""Goldfish 23 Tender"" path=goldfish-23-tender-5 year=None status=None #deals=1"
Nimbus 250R,nimbus-250r,2005,2020-06-26,EXACT_SLUG_PLUS_SIG_DUPES,EXACT_MULTI,6,0,"EXACT id=351443213547 name=""Nimbus 250R"" path=nimbus-250r-2 year=None status=None #deals=1 ||| EXACT id=351443213557 name=""Nimbus 250R"" path=nimbus-250r year=None status=None #deals=1 ||| EXACT id=351388463324 name=""Nimbus 250R"" path=nimbus-250r-3 year=None status=None #deals=1 ||| EXACT id=351443141851 name=""Nimbus 250R"" path=nimbus-250r-4 year=None status=None #deals=1 ||| EXACT id=351443201220 name=""Nimbus 250R"" path=nimbus-250r-5 year=None status=None #deals=1 ||| EXACT id=351443310786 name=""Nimbus 250R"" path=nimbus-250r-6 year=None status=None #deals=1"
Nordkapp 760 Noblesse,nordkapp-760-noblesse,2011,2021-04-16,SIGNATURE_MATCH_ONLY,NONE,0,0,
Princess 25M,princess-25m,2003,2021-05-03,EXACT_SLUG_PLUS_SIG_DUPES,EXACT_1,1,0,"EXACT id=351482888418 name=""Princess 25m"" path=princess-25m year=None status=None #deals=1"
Beneteau 41 Swift Trawler Sedan,beneteau-41-swift-trawler-sedan,2021,2025-09-12,MULTIPLE_SIG_CANDIDATES,NONE,0,0,
Sandvik 945,sandvik-945,2012,2025-07-23,EXACT_SLUG_PLUS_SIG_DUPES,EXACT_MULTI,2,0,"EXACT id=351482888434 name=""Sandvik 945"" path=sandvik-945 year=None status=None #deals=1 ||| EXACT id=351443171557 name=""Sandvik 945"" path=sandvik-945-2 year=2012 status=None #deals=1"
Goldfish 30 Sport #002,goldfish-30-sport,2021,2025-09-08,EXACT_SLUG_PLUS_SIG_DUPES,LOOSE_MULTI,0,5,"LOOSE id=351479119073 name=""Goldfish 30 Sport - 2023"" path=goldfish-30-sport-2023 year=2023 status=None #deals=1 ||| LOOSE id=351481042122 name=""Goldfish 30 Sport"" path=goldfish-30-sport year=2022 status=None #deals=1 ||| LOOSE id=351481042124 name=""Goldfish 30 Sport"" path=goldfish-30-sport-2 year=2022 status=None #deals=1 ||| LOOSE id=351482911944 name=""Goldfish 30 Sport"" path=goldfish-30-sport-3 year=2021 status=sold #deals=1"
Axopar 37,axopar-37-,2018,2020-02-03,MULTIPLE_SIG_CANDIDATES,NONE,0,0,
Marex 360 CC,marex-360-cc,2021,2024-08-30,EXACT_SLUG_PLUS_SIG_DUPES,NONE,0,0,
Beneteau Swift Trawler 34,beneteau-swift-trawler-34,2011,2020-02-03,MULTIPLE_SIG_CANDIDATES,NONE,0,0,
Askeladden C83,askeladden-c83,2021,2025-07-09,EXACT_SLUG_PLUS_SIG_DUPES,EXACT_MULTI,2,0,"EXACT id=351443280105 name=""Askeladden C83"" path=askeladden-c83 year=2021 status=None #deals=1 ||| EXACT id=351475308733 name=""Askeladden c83"" path=askeladden-c83-2 year=2021 status=None #deals=1"
Goldfish 30 Sport - 2022 #023,goldfish-30-sport---2022-%23023,2022,2024-05-30,MULTIPLE_SIG_CANDIDATES,LOOSE_MULTI,0,5,"LOOSE id=351479119073 name=""Goldfish 30 Sport - 2023"" path=goldfish-30-sport-2023 year=2023 status=None #deals=1 ||| LOOSE id=351481042122 name=""Goldfish 30 Sport"" path=goldfish-30-sport year=2022 status=None #deals=1 ||| LOOSE id=351481042124 name=""Goldfish 30 Sport"" path=goldfish-30-sport-2 year=2022 status=None #deals=1 ||| LOOSE id=351482911944 name=""Goldfish 30 Sport"" path=goldfish-30-sport-3 year=2021 status=sold #deals=1"
Goldfish 23 Tender mkIII,goldfish-23-tender-mkiii,2021,2023-07-15,NO_MATCH_IN_HUBSPOT,NONE,0,0,
Goldfish 28 Tender #069,goldfish-28-tender-%23069,2023,2025-07-28,MULTIPLE_SIG_CANDIDATES,LOOSE_MULTI,0,7,"LOOSE id=351443141853 name=""Goldfish 28 Tender"" path=goldfish-28-tender year=None status=None #deals=1 ||| LOOSE id=351482888432 name=""Goldfish 28 Tender"" path=goldfish-28-tender-2 year=None status=None #deals=1 ||| LOOSE id=351482888440 name=""Goldfish 28 Tender"" path=goldfish-28-tender-3 year= status=None #deals=1 ||| LOOSE id=351456244951 name=""Goldfish 28 Tender"" path=goldfish-28-tender-4 year=2022 status=for-sale #deals=2"
Nimbus 300R,nimbus-300r,2006,2020-02-03,EXACT_SLUG_PLUS_SIG_DUPES,EXACT_MULTI,11,0,"EXACT id=351443213549 name=""Nimbus 300R"" path=nimbus-300r-2 year=None status=None #deals=1 ||| EXACT id=351443213554 name=""Nimbus 300R"" path=nimbus-300r-3 year=None status=None #deals=1 ||| EXACT id=351443213556 name=""Nimbus 300R"" path=nimbus-300r year=None status=None #deals=1 ||| EXACT id=351388463321 name=""Nimbus 300R"" path=nimbus-300r-5 year=None status=None #deals=1 ||| EXACT id=351388463329 name=""Nimbus 300R"" path=nimbus-300r-4 year=None status=None #deals=1 ||| EXACT id=351414280420 name=""Nimbus 300R"" path=nimbus-300r-6 year=None status=None #deals=1 ||| EXACT id=351482888430 name=""Nimbus 300R"" path=nimbus-300r-7 year=None status=None #deals=1 ||| EXACT id=351443310787 name=""Nimbus 300R"" path=nimbus-300r-8 year=None status=None #deals=1 ||| EXACT id=351459866835 name=""Nimbus 300R "" path=nimbus-300r-9 year=2005 status=sold #deals=2 ||| EXACT id=351459866838 name=""Nimbus 300R"" path=nimbus-300r-10 year=None status=None #deals=2 ||| EXACT id=351479119065 name=""Nimbus 300R"" path=nimbus-300r-11 year=2006 status=None #deals=1"
Goldfish 30 Sport - 2021 #009,goldfish-30-sport---2021-%23009,2021,2025-06-24,MULTIPLE_SIG_CANDIDATES,LOOSE_MULTI,0,5,"LOOSE id=351479119073 name=""Goldfish 30 Sport - 2023"" path=goldfish-30-sport-2023 year=2023 status=None #deals=1 ||| LOOSE id=351481042122 name=""Goldfish 30 Sport"" path=goldfish-30-sport year=2022 status=None #deals=1 ||| LOOSE id=351481042124 name=""Goldfish 30 Sport"" path=goldfish-30-sport-2 year=2022 status=None #deals=1 ||| LOOSE id=351482911944 name=""Goldfish 30 Sport"" path=goldfish-30-sport-3 year=2021 status=sold #deals=1"
Goldfish 28 Tender #60,goldfish-28-tender-%2360,2022,2025-07-04,MULTIPLE_SIG_CANDIDATES,LOOSE_MULTI,0,7,"LOOSE id=351443141853 name=""Goldfish 28 Tender"" path=goldfish-28-tender year=None status=None #deals=1 ||| LOOSE id=351482888432 name=""Goldfish 28 Tender"" path=goldfish-28-tender-2 year=None status=None #deals=1 ||| LOOSE id=351482888440 name=""Goldfish 28 Tender"" path=goldfish-28-tender-3 year= status=None #deals=1 ||| LOOSE id=351456244951 name=""Goldfish 28 Tender"" path=goldfish-28-tender-4 year=2022 status=for-sale #deals=2"
Targa 44 Fly,targa-44-fly,2012,2024-01-26,SIGNATURE_MATCH_ONLY,NONE,0,0,
Nimbus 320 Coupè - 2003,nimbus-320-coup%C3%A8---2003,2003,2020-03-14,MULTIPLE_SIG_CANDIDATES,LOOSE_MULTI,0,3,"LOOSE id=351443213555 name=""Nimbus 320 Coupé"" path=nimbus-320-coupe-2 year=None status=None #deals=1 ||| LOOSE id=351443213558 name=""Nimbus 320 Coupé"" path=nimbus-320-coupe year=None status=None #deals=1 ||| LOOSE id=351482888422 name=""Nimbus 320 Coupé"" path=nimbus-320-coupe-4 year=None status=None #deals=1"
Nordkapp 720 Noblesse,nordkapp-720-noblesse,2022,2022-07-05,EXACT_SLUG_PLUS_SIG_DUPES,EXACT_1,1,0,"EXACT id=351443310789 name=""Nordkapp 720 Noblesse"" path=nordkapp-720-noblesse year=None status=None #deals=1"
Paragon 25 Cabin,paragon-25-cabin,2009,2025-10-30,EXACT_SLUG_PLUS_SIG_DUPES,NONE,0,0,
Goldfish 28 Tender,goldfish-28-tender,2011,2020-02-03,EXACT_SLUG_PLUS_SIG_DUPES,EXACT_MULTI,7,0,"EXACT id=351443141853 name=""Goldfish 28 Tender"" path=goldfish-28-tender year=None status=None #deals=1 ||| EXACT id=351482888432 name=""Goldfish 28 Tender"" path=goldfish-28-tender-2 year=None status=None #deals=1 ||| EXACT id=351482888440 name=""Goldfish 28 Tender"" path=goldfish-28-tender-3 year= status=None #deals=1 ||| EXACT id=351456244951 name=""Goldfish 28 Tender"" path=goldfish-28-tender-4 year=2022 status=for-sale #deals=2 ||| EXACT id=351479119075 name=""Goldfish 28 Tender"" path=goldfish-28-tender-5 year=2017 status=None #deals=1 ||| EXACT id=351475308734 name=""Goldfish 28 Tender "" path=goldfish-28-tender-6 year=2023 status=None #deals=1 ||| EXACT id=351445109976 name=""Goldfish 28 tender"" path=goldfish-28-tender-8 year=2022 status=None #deals=1"
Axopar 28 Cabin,axopar-28-cabin,2022,2024-01-26,EXACT_SLUG_PLUS_SIG_DUPES,EXACT_1,1,0,"EXACT id=415023950012 name=""Axopar 28 Cabin"" path=None year=None status=None #deals=1"
Goldfish 28 Bullet #024,goldfish-28-bullet-%23024,2021,2025-09-17,MULTIPLE_SIG_CANDIDATES,EXACT_1,1,2,"EXACT id=351443263688 name=""Goldfish 28 Bullet #024"" path=goldfish-28-bullet-024 year=2021 status=for-sale #deals=1 ||| LOOSE id=351475307767 name=""Goldfish 28 Bullet"" path=goldfish-28-bullet year=2023 status=None #deals=1 ||| LOOSE id=351443090620 name=""Goldfish 28 Bullet"" path=goldfish-28-bullet-3 year=2020 status=None #deals=1"
Nimbus 230R,nimbus-230r,2006,2019-07-18,EXACT_SLUG_PLUS_SIG_DUPES,EXACT_MULTI,5,0,"EXACT id=351388463331 name=""Nimbus 230R"" path=nimbus-230r year=None status=None #deals=1 ||| EXACT id=351482888419 name=""Nimbus 230R"" path=nimbus-230r-2 year=None status=None #deals=1 ||| EXACT id=351443229934 name=""Nimbus 230R"" path=nimbus-230r-3 year=2007 status=None #deals=1 ||| EXACT id=351482911946 name=""Nimbus 230R"" path=nimbus-230r-5 year=2011 status=None #deals=2 ||| EXACT id=351443262695 name=""Nimbus 230R"" path=nimbus-230r-6 year=2007 status=for-sale #deals=1"
Bavaria E34 Fly,bavaria-e34-fly,2019,2024-01-26,MULTIPLE_SIG_CANDIDATES,NONE,0,0,
Nimbus 230R - 2007,nimbus-230r---2007,2007,2025-09-08,MULTIPLE_SIG_CANDIDATES,LOOSE_MULTI,0,5,"LOOSE id=351388463331 name=""Nimbus 230R"" path=nimbus-230r year=None status=None #deals=1 ||| LOOSE id=351482888419 name=""Nimbus 230R"" path=nimbus-230r-2 year=None status=None #deals=1 ||| LOOSE id=351443229934 name=""Nimbus 230R"" path=nimbus-230r-3 year=2007 status=None #deals=1 ||| LOOSE id=351482911946 name=""Nimbus 230R"" path=nimbus-230r-5 year=2011 status=None #deals=2"
Paragon 31 Fly,paragon-31-fly,2014,2025-06-18,EXACT_SLUG_PLUS_SIG_DUPES,EXACT_MULTI,2,0,"EXACT id=351479119064 name=""Paragon 31 Fly"" path=paragon-31-fly year=2014 status=None #deals=1 ||| EXACT id=351481058528 name=""Paragon 31 Fly"" path=paragon-31-fly-4 year=2009 status=None #deals=1"
Goldfish 29 Sport - 2020,goldfish-29-sport---2020,2020,2021-05-18,MULTIPLE_SIG_CANDIDATES,LOOSE_MULTI,0,3,"LOOSE id=351443213561 name=""Goldfish 29 Sport"" path=goldfish-29-sport year=None status=None #deals=1 ||| LOOSE id=351443201214 name=""Goldfish 29 Sport"" path=goldfish-29-sport-2 year=None status=None #deals=1 ||| LOOSE id=351459866843 name=""Goldfish 29 Sport"" path=goldfish-29-sport-3 year=None status=None #deals=1"
Goldfish 30 Sport #038,goldfish-30-sport-%23038,2023,2025-02-28,MULTIPLE_SIG_CANDIDATES,LOOSE_MULTI,0,5,"LOOSE id=351479119073 name=""Goldfish 30 Sport - 2023"" path=goldfish-30-sport-2023 year=2023 status=None #deals=1 ||| LOOSE id=351481042122 name=""Goldfish 30 Sport"" path=goldfish-30-sport year=2022 status=None #deals=1 ||| LOOSE id=351481042124 name=""Goldfish 30 Sport"" path=goldfish-30-sport-2 year=2022 status=None #deals=1 ||| LOOSE id=351482911944 name=""Goldfish 30 Sport"" path=goldfish-30-sport-3 year=2021 status=sold #deals=1"
Brig Eagle 8 Hankø Edition,brig-eagle-8-hank%C3%B8-edition,2023,2024-06-06,MULTIPLE_SIG_CANDIDATES,NONE,0,0,
Goldfish X12 Endurance,goldfish-x12-endurance,2019,2020-09-29,MULTIPLE_SIG_CANDIDATES,NONE,0,0,
Nimbus 320 Coupé,nimbus-320-coup%C3%A9,2003,2019-05-15,MULTIPLE_SIG_CANDIDATES,EXACT_MULTI,3,0,"EXACT id=351443213555 name=""Nimbus 320 Coupé"" path=nimbus-320-coupe-2 year=None status=None #deals=1 ||| EXACT id=351443213558 name=""Nimbus 320 Coupé"" path=nimbus-320-coupe year=None status=None #deals=1 ||| EXACT id=351482888422 name=""Nimbus 320 Coupé"" path=nimbus-320-coupe-4 year=None status=None #deals=1"
Bavaria 330 Sport HT,bavaria-330-sport-ht,2016,2024-01-26,MULTIPLE_SIG_CANDIDATES,NONE,0,0,
Bavaria 37 AC,bavaria-37-ac,2000,2019-05-15,MULTIPLE_SIG_CANDIDATES,NONE,0,0,
Askeladden C83 Cruiser,askeladden-c83-cruiser,2021,2024-01-26,EXACT_SLUG_PLUS_SIG_DUPES,NONE,0,0,
Bavaria 35 Sport,bavaria-35-sport,2005,2025-09-11,EXACT_SLUG_PLUS_SIG_DUPES,EXACT_1,1,0,"EXACT id=351446910176 name=""Bavaria 35 Sport"" path=bavaria-35-sport-2 year=2005 status=for-sale #deals=1"
Nimbus 34 Nova,nimbus-34-nova,2017,2020-09-01,SIGNATURE_MATCH_ONLY,NONE,0,0,
Fairline Squadron 55,fairline-squadron-55,2002,2025-12-17,EXACT_SLUG_PLUS_SIG_DUPES,EXACT_1,1,0,"EXACT id=351484704998 name=""Fairline Squadron 55"" path=fairline-squadron-55 year=2002 status=None #deals=1"
Goldfish 28 Tender #064,goldfish-28-tender-%23064,2022,2025-11-11,MULTIPLE_SIG_CANDIDATES,EXACT_1,1,7,"EXACT id=351419699407 name=""Goldfish 28 Tender #064"" path=goldfish-28-tender-064 year=2022 status=None #deals=1 ||| LOOSE id=351443141853 name=""Goldfish 28 Tender"" path=goldfish-28-tender year=None status=None #deals=1 ||| LOOSE id=351482888432 name=""Goldfish 28 Tender"" path=goldfish-28-tender-2 year=None status=None #deals=1 ||| LOOSE id=351482888440 name=""Goldfish 28 Tender"" path=goldfish-28-tender-3 year= status=None #deals=1 ||| LOOSE id=351456244951 name=""Goldfish 28 Tender"" path=goldfish-28-tender-4 year=2022 status=for-sale #deals=2"
Nimbus W9 T-Top Mercury 300,nimbus-w9-t-top-mercury-300,2018,2025-10-02,MULTIPLE_SIG_CANDIDATES,LOOSE_MULTI,0,2,"LOOSE id=351481042113 name=""Nimbus W9 T-Top"" path=nimbus-w9-t-top year=2020 status=for-sale #deals=1 ||| LOOSE id=351443293406 name=""Nimbus W9 t-top"" path=nimbus-w9-t-top-2 year=2018 status=sold #deals=1"
Nimbus 230R - Bensin,nimbus-230r---bensin,2005,2025-07-23,MULTIPLE_SIG_CANDIDATES,LOOSE_MULTI,0,5,"LOOSE id=351388463331 name=""Nimbus 230R"" path=nimbus-230r year=None status=None #deals=1 ||| LOOSE id=351482888419 name=""Nimbus 230R"" path=nimbus-230r-2 year=None status=None #deals=1 ||| LOOSE id=351443229934 name=""Nimbus 230R"" path=nimbus-230r-3 year=2007 status=None #deals=1 ||| LOOSE id=351482911946 name=""Nimbus 230R"" path=nimbus-230r-5 year=2011 status=None #deals=2"
Windy 37 Grand Mistral,windy-37-grand-mistral,2008,2025-03-27,MULTIPLE_SIG_CANDIDATES,NONE,0,0,
Scand Baltic 29,scand-baltic-29,2005,2025-06-28,EXACT_SLUG_PLUS_SIG_DUPES,EXACT_1,1,0,"EXACT id=351414280421 name=""Scand Baltic 29"" path=scand-baltic-29 year=None status=None #deals=1"
Nimbus 305 Drophead,nimbus-305-drophead,2019,2023-04-16,EXACT_SLUG_PLUS_SIG_DUPES,EXACT_1,1,0,"EXACT id=351414280417 name=""Nimbus 305 Drophead"" path=nimbus-305-drophead year=None status=None #deals=1"
Beneteau MC5,beneteau-mc5,2015,2023-07-15,MULTIPLE_SIG_CANDIDATES,NONE,0,0,
Goldfish 38 Sport,goldfish-38-sport,2023,2025-03-27,MULTIPLE_SIG_CANDIDATES,LOOSE_MULTI,0,5,"LOOSE id=351479119073 name=""Goldfish 30 Sport - 2023"" path=goldfish-30-sport-2023 year=2023 status=None #deals=1 ||| LOOSE id=351481042122 name=""Goldfish 30 Sport"" path=goldfish-30-sport year=2022 status=None #deals=1 ||| LOOSE id=351481042124 name=""Goldfish 30 Sport"" path=goldfish-30-sport-2 year=2022 status=None #deals=1 ||| LOOSE id=351482911944 name=""Goldfish 30 Sport"" path=goldfish-30-sport-3 year=2021 status=sold #deals=1"
Nimbus T11,nimbus-t11,2023,2025-03-12,EXACT_SLUG_PLUS_SIG_DUPES,EXACT_1,1,0,"EXACT id=351456244950 name=""Nimbus T11"" path=nimbus-t11 year=2023 status=None #deals=1"
Axopar 25 Cross Bow,axopar-25-cross-bow,2023,2025-06-11,EXACT_SLUG_PLUS_SIG_DUPES,EXACT_1,1,0,"EXACT id=351475308730 name=""Axopar 25 Cross Bow"" path=axopar-25-cross-bow year=None status=None #deals=1"
Ibiza 811 T Special Edition,ibiza-881-t-special-edition,2019,2025-12-17,MULTIPLE_SIG_CANDIDATES,NONE,0,0,
Beneteau Gran Turismo 38,beneteau-gran-turismo-38,2012,2024-08-30,MULTIPLE_SIG_CANDIDATES,NONE,0,0,
Nimbus 230R,nimbus-230r,2007,2025-06-11,EXACT_SLUG_PLUS_SIG_DUPES,EXACT_MULTI,5,0,"EXACT id=351388463331 name=""Nimbus 230R"" path=nimbus-230r year=None status=None #deals=1 ||| EXACT id=351482888419 name=""Nimbus 230R"" path=nimbus-230r-2 year=None status=None #deals=1 ||| EXACT id=351443229934 name=""Nimbus 230R"" path=nimbus-230r-3 year=2007 status=None #deals=1 ||| EXACT id=351482911946 name=""Nimbus 230R"" path=nimbus-230r-5 year=2011 status=None #deals=2 ||| EXACT id=351443262695 name=""Nimbus 230R"" path=nimbus-230r-6 year=2007 status=for-sale #deals=1"
Flipper 760 DC,flipper-760-dc,2017,2020-02-03,SIGNATURE_MATCH_ONLY,NONE,0,0,
Elan Power 35 HT,elan-power-35-ht,2006,2025-10-02,EXACT_SLUG_PLUS_SIG_DUPES,EXACT_1,1,0,"EXACT id=351446910173 name=""Elan Power 35 HT"" path=elan-power-35-ht year=2006 status=sold #deals=1"
Axopar 28 Open 2019,axopar-28-open-2019,2019,2025-06-11,MULTIPLE_SIG_CANDIDATES,LOOSE_MULTI,0,3,"LOOSE id=351481028819 name=""Axopar 28 Open - 2017"" path=axopar-28-open-2017 year=2017 status=None #deals=1 ||| LOOSE id=351443310785 name=""Axopar 28 Open"" path=axopar-28-open year=None status=None #deals=1 ||| LOOSE id=351479119062 name=""Axopar 28 Open"" path=axopar-28-open-2 year=2019 status=None #deals=1"
Nimbus W9 T-Top,nimbus-w9-t-top,2020,2025-06-11,EXACT_SLUG_PLUS_SIG_DUPES,EXACT_MULTI,2,1,"EXACT id=351481042113 name=""Nimbus W9 T-Top"" path=nimbus-w9-t-top year=2020 status=for-sale #deals=1 ||| EXACT id=351443293406 name=""Nimbus W9 t-top"" path=nimbus-w9-t-top-2 year=2018 status=sold #deals=1 ||| LOOSE id=351443201238 name=""Nimbus W9"" path=nimbus-w9 year=2020 status=for-sale #deals=1"
Axopar 37 Sports Cabin,axopar-37-sports-cabin,2018,2020-05-21,MULTIPLE_SIG_CANDIDATES,NONE,0,0,
Nimbus 300R,nimbus-300r,2005,2019-05-15,EXACT_SLUG_PLUS_SIG_DUPES,EXACT_MULTI,11,0,"EXACT id=351443213549 name=""Nimbus 300R"" path=nimbus-300r-2 year=None status=None #deals=1 ||| EXACT id=351443213554 name=""Nimbus 300R"" path=nimbus-300r-3 year=None status=None #deals=1 ||| EXACT id=351443213556 name=""Nimbus 300R"" path=nimbus-300r year=None status=None #deals=1 ||| EXACT id=351388463321 name=""Nimbus 300R"" path=nimbus-300r-5 year=None status=None #deals=1 ||| EXACT id=351388463329 name=""Nimbus 300R"" path=nimbus-300r-4 year=None status=None #deals=1 ||| EXACT id=351414280420 name=""Nimbus 300R"" path=nimbus-300r-6 year=None status=None #deals=1 ||| EXACT id=351482888430 name=""Nimbus 300R"" path=nimbus-300r-7 year=None status=None #deals=1 ||| EXACT id=351443310787 name=""Nimbus 300R"" path=nimbus-300r-8 year=None status=None #deals=1 ||| EXACT id=351459866835 name=""Nimbus 300R "" path=nimbus-300r-9 year=2005 status=sold #deals=2 ||| EXACT id=351459866838 name=""Nimbus 300R"" path=nimbus-300r-10 year=None status=None #deals=2 ||| EXACT id=351479119065 name=""Nimbus 300R"" path=nimbus-300r-11 year=2006 status=None #deals=1"
Nimbus 300R,nimbus-300r,2006,2022-03-02,EXACT_SLUG_PLUS_SIG_DUPES,EXACT_MULTI,11,0,"EXACT id=351443213549 name=""Nimbus 300R"" path=nimbus-300r-2 year=None status=None #deals=1 ||| EXACT id=351443213554 name=""Nimbus 300R"" path=nimbus-300r-3 year=None status=None #deals=1 ||| EXACT id=351443213556 name=""Nimbus 300R"" path=nimbus-300r year=None status=None #deals=1 ||| EXACT id=351388463321 name=""Nimbus 300R"" path=nimbus-300r-5 year=None status=None #deals=1 ||| EXACT id=351388463329 name=""Nimbus 300R"" path=nimbus-300r-4 year=None status=None #deals=1 ||| EXACT id=351414280420 name=""Nimbus 300R"" path=nimbus-300r-6 year=None status=None #deals=1 ||| EXACT id=351482888430 name=""Nimbus 300R"" path=nimbus-300r-7 year=None status=None #deals=1 ||| EXACT id=351443310787 name=""Nimbus 300R"" path=nimbus-300r-8 year=None status=None #deals=1 ||| EXACT id=351459866835 name=""Nimbus 300R "" path=nimbus-300r-9 year=2005 status=sold #deals=2 ||| EXACT id=351459866838 name=""Nimbus 300R"" path=nimbus-300r-10 year=None status=None #deals=2 ||| EXACT id=351479119065 name=""Nimbus 300R"" path=nimbus-300r-11 year=2006 status=None #deals=1"
Goldfish 28 RIB,goldfish-28-rib,2004,2021-05-06,EXACT_SLUG_PLUS_SIG_DUPES,EXACT_1,1,0,"EXACT id=351443310790 name=""Goldfish 28 RIB"" path=goldfish-28-rib year=None status=None #deals=1"
Nimbus C11,nimbus-c11,2021,2023-05-30,MULTIPLE_SIG_CANDIDATES,NONE,0,0,
Goldfish 30 Sport - 2022,goldfish-30-sport---2022,2022,2024-04-10,MULTIPLE_SIG_CANDIDATES,LOOSE_MULTI,0,5,"LOOSE id=351479119073 name=""Goldfish 30 Sport - 2023"" path=goldfish-30-sport-2023 year=2023 status=None #deals=1 ||| LOOSE id=351481042122 name=""Goldfish 30 Sport"" path=goldfish-30-sport year=2022 status=None #deals=1 ||| LOOSE id=351481042124 name=""Goldfish 30 Sport"" path=goldfish-30-sport-2 year=2022 status=None #deals=1 ||| LOOSE id=351482911944 name=""Goldfish 30 Sport"" path=goldfish-30-sport-3 year=2021 status=sold #deals=1"
Windy 28 Ghibli KAD 300,windy-28-ghibli-kad-300,2004,2025-08-08,MULTIPLE_SIG_CANDIDATES,LOOSE_MULTI,0,3,"LOOSE id=351443141852 name=""Windy 28 Ghibli"" path=windy-28-ghibli year=None status=None #deals=1 ||| LOOSE id=351481042118 name=""Windy 28 Ghibli"" path=windy-28-ghibli-2 year=2008 status=None #deals=1 ||| LOOSE id=351484705002 name=""Windy 28 Ghibli"" path=windy-28-ghibli-3 year=2004 status=None #deals=2"
Nordkapp Grand Coupe 905 - 2x300HK,nordkapp-grand-coupe-905---2x300hk,2020,2025-10-02,MULTIPLE_SIG_CANDIDATES,NONE,0,0,
Goldfish 38 SuperSport #023,goldfish-38-supersport-%23023,2019,2025-05-04,MULTIPLE_SIG_CANDIDATES,EXACT_1,1,0,"EXACT id=351479077102 name=""Goldfish 38 Supersport #023"" path=goldfish-38-supersport-023 year=2019 status=for-sale #deals=1"
