wix_title,wix_url,wix_merke,wix_modell,wix_year,wix_updated,orig_match_status,new_match_type,new_candidates
Bavaria 44 Vision,bavaria-44-vision,Bavaria,44 Vision,2008,2022-06-08,EXACT_SLUG_PLUS_SIG_DUPES,company_exact,"CO_EXACT id=6950983395 name=""Bavaria 44 Vision"" created=2023-02-01 ||| CO_EXACT id=121958913218 name=""Bavaria 44 Vision"" created=2025-03-27 ||| BO id=351414280411 name=""Bavaria 44 Vision"" path=bavaria-44-vision year=2008 ||| BO id=351484733680 name=""Bavaria 44 Vision"" path=bavaria-44-vision-2 year=None"
Goldfish 29 RIB Tender,goldfish-29-rib-tender,Goldfish,29 RIB Tender,2011,2025-08-25,EXACT_SLUG_PLUS_SIG_DUPES,company_exact,"CO_EXACT id=125064081596 name=""Goldfish 29 rib Tender"" created=2025-04-03 ||| CO_EXACT id=145792793793 name=""Goldfish 29 RIB tender"" created=2025-05-07 ||| CO_EXACT id=173974892772 name=""Goldfish 29 RIB Tender"" created=2025-06-16 ||| CO_LOOSE id=223571547376 name=""Goldfish 29 RIB Tender (2009)"" created=2025-08-25 ||| BO id=351479078075 name=""Goldfish 29 rib Tender"" path=goldfish-29-rib-tender year=2011 ||| BO id=351390253247 name=""Goldfish 29 RIB tender"" path=goldfish-29-rib-tender-2 year=2011 ||| BO id=351446910184 name=""Goldfish 29 RIB Tender"" path=goldfish-29-rib-tender-3 year=2011"
Nimbus W9,nimbus-w9,Nimbus,W9,2022,2025-07-04,EXACT_SLUG_PLUS_SIG_DUPES,company_exact,"CO_EXACT id=236497644790 name=""Nimbus W9"" created=2025-09-16 ||| BO id=351443201238 name=""Nimbus W9"" path=nimbus-w9 year=2020"
Goldfish 30 Sport - Diesel,goldfish-30-sport---diesel,Goldfish,30 Sport,2021,2025-04-25,MULTIPLE_SIG_CANDIDATES,company_loose,"CO_LOOSE id=10378409207 name=""Goldfish 30 Sport"" created=2024-03-01 ||| CO_LOOSE id=10727408600 name=""Goldfish 30 Sport"" created=2024-03-20 ||| CO_LOOSE id=205710877882 name=""Goldfish 30 Sport"" created=2025-08-04"
Nimbus 35 Nova HT,nimbus-35-nova-ht-,Nimbus,35 Nova HT,2005,2021-04-16,MULTIPLE_SIG_CANDIDATES,company_exact,"CO_EXACT id=6949536720 name=""Nimbus 35 Nova HT"" created=2023-02-01 ||| CO_EXACT id=6950960829 name=""Nimbus 35 Nova HT"" created=2023-02-01 ||| CO_EXACT id=6950987195 name=""Nimbus 35 Nova HT"" created=2023-02-01 ||| BO id=351443213551 name=""Nimbus 35 Nova HT"" path=nimbus-35-nova-ht year=None ||| BO id=351443141858 name=""Nimbus 35 Nova HT"" path=nimbus-35-nova-ht-2 year=None ||| BO id=351482888429 name=""Nimbus 35 Nova HT"" path=nimbus-35-nova-ht-3 year=None"
Marex 310 Sun Cruiser,marex-310-sun-cruiser,Marex,310 Sun Cruiser,2021,2024-01-26,EXACT_SLUG_PLUS_SIG_DUPES,company_exact,"CO_EXACT id=110097346785 name=""Marex 310 Sun Cruiser"" created=2025-03-04 ||| CO_EXACT id=235523338485 name=""Marex 310 sun Cruiser "" created=2025-09-11 ||| BO id=351443171562 name=""Marex 310 Sun Cruiser"" path=marex-310-sun-cruiser year=2021 ||| BO id=351443185875 name=""Marex 310 sun Cruiser "" path=marex-310-sun-cruiser-2 year=2018"
Jeanneau Cap Camarat 925 WA,jeanneau-cap-camarat-925-wa,Jeanneau,Cap Camarat 925 WA,2008,2025-10-02,EXACT_SLUG_PLUS_SIG_DUPES,company_exact,"CO_EXACT id=13620338673 name=""Jeanneau Cap Camarat 925 WA"" created=2024-09-03 ||| BO id=351484705015 name=""Jeanneau Cap Camarat 925 WA"" path=jeanneau-cap-camarat-925-wa year=2008"
Goldfish 29 Sport - 2016,goldfish-29-sport---2016,Goldfish,29 Sport,2016,2021-05-18,MULTIPLE_SIG_CANDIDATES,company_loose,"CO_LOOSE id=6949536716 name=""Goldfish 29 Sport"" created=2023-02-01 ||| CO_LOOSE id=6951005935 name=""Goldfish 29 Sport"" created=2023-02-01 ||| CO_LOOSE id=6951018971 name=""Goldfish 29 Sport"" created=2023-02-01"
Goldfish 29 Sport - 2016,goldfish-29-sport---2016,Goldfish,29 Sport,2016,2021-11-10,MULTIPLE_SIG_CANDIDATES,company_loose,"CO_LOOSE id=6949536716 name=""Goldfish 29 Sport"" created=2023-02-01 ||| CO_LOOSE id=6951005935 name=""Goldfish 29 Sport"" created=2023-02-01 ||| CO_LOOSE id=6951018971 name=""Goldfish 29 Sport"" created=2023-02-01"
Elan 37,elan-37,Elan,37,2006,2019-07-16,EXACT_SLUG_PLUS_SIG_DUPES,company_exact,"CO_EXACT id=6950976461 name=""Elan 37"" created=2023-02-01 ||| CO_EXACT id=161779877079 name=""Elan 37"" created=2025-05-27 ||| BO id=351414280409 name=""Elan 37"" path=elan-37 year=None ||| BO id=351484720346 name=""Elan 37"" path=elan-37-2 year=2006"
Beneteau Figaro 2,beneteau-figaro-2,Beneteau,Figaro 2,2003,2022-06-08,EXACT_SLUG_PLUS_SIG_DUPES,company_exact,"CO_EXACT id=6951015646 name=""Beneteau Figaro 2"" created=2023-02-01 ||| BO id=351443310800 name=""Beneteau Figaro 2"" path=beneteau-figaro-2 year=None"
Nordkapp 905 Grand Coupe,nordkapp-905-grand-coupe,Nordkapp,905 Gran Coupe,2021,2025-08-26,EXACT_SLUG_PLUS_SIG_DUPES,company_exact,"CO_EXACT id=152330405088 name=""Nordkapp 905 grand coupe"" created=2025-05-16 ||| CO_EXACT id=220533151948 name=""Nordkapp 905 Grand Coupe"" created=2025-08-20 ||| CO_EXACT id=224693000381 name=""Nordkapp 905 Grand Coupe"" created=2025-08-26 ||| CO_LOOSE id=223571558598 name=""Nordkapp 905 Gran Coupe"" created=2025-08-25 ||| CO_LOOSE id=223571558598 name=""Nordkapp 905 Gran Coupe"" created=2025-08-25 ||| BO id=351443214549 name=""Nordkapp 905 grand coupe"" path=nordkapp-905-grand-coupe year=2023 ||| BO id=351443262703 name=""Nordkapp 905 Grand Coupe"" path=nordkapp-905-grand-coupe-2 year=2021 ||| BO id=351446935767 name=""Nordkapp 905 Grand Coupe"" path=nordkapp-905-grand-coupe-3 year=2021"
Marex 375,marex-375,Marex,375,2021,2023-04-16,EXACT_SLUG_PLUS_SIG_DUPES,company_exact,"CO_EXACT id=6950997729 name=""Marex 375"" created=2023-02-01 ||| BO id=351482888417 name=""Marex 375"" path=marex-375 year=None"
Goldfish 28 Bullet #020,goldfish-28-bullet-%23020,Goldfish,28 Bullet,2020,2025-06-18,MULTIPLE_SIG_CANDIDATES,company_loose,"CO_LOOSE id=107115276479 name=""Goldfish 28 Bullet"" created=2025-02-28 ||| CO_LOOSE id=116472478919 name=""Goldfish 28 Bullet"" created=2025-03-18 ||| CO_LOOSE id=175243087045 name=""Goldfish 28 Bullet"" created=2025-06-17"
Goldfish 29 Sport,goldfish-29-sport,Goldfish,29 Sport,2018,2020-06-05,EXACT_SLUG_PLUS_SIG_DUPES,company_exact,"CO_EXACT id=6949536716 name=""Goldfish 29 Sport"" created=2023-02-01 ||| CO_EXACT id=6951005935 name=""Goldfish 29 Sport"" created=2023-02-01 ||| CO_EXACT id=6951018971 name=""Goldfish 29 Sport"" created=2023-02-01 ||| CO_EXACT id=161780091092 name=""Goldfish 29 sport"" created=2025-05-27 ||| CO_EXACT id=162977692916 name=""Goldfish 29 Sport"" created=2025-05-28 ||| CO_EXACT id=224116056284 name=""Goldfish 29 Sport"" created=2025-08-26 ||| CO_EXACT id=226418056381 name=""Goldfish 29 Sport"" created=2025-08-28 ||| BO id=351443213561 name=""Goldfish 29 Sport"" path=goldfish-29-sport year=None ||| BO id=351443201214 name=""Goldfish 29 Sport"" path=goldfish-29-sport-2 year=None ||| BO id=351459866843 name=""Goldfish 29 Sport"" path=goldfish-29-sport-3 year=None"
Nimbus 230 R,nimbus-230-r,Nimbus,230 R,2003,2019-07-18,MULTIPLE_SIG_CANDIDATES,none,
Nordkapp Airborne 7,nordkapp-airborne-7,Nordkapp,Airborne 7,2021,2023-04-16,MULTIPLE_SIG_CANDIDATES,none,
Goldfish 28 Tender Merc 400R,goldfish-28-tender-merc-400r,Goldfish,28 Tender,2017,2025-05-20,MULTIPLE_SIG_CANDIDATES,company_loose,"CO_LOOSE id=6950960827 name=""Goldfish 28 Tender"" created=2023-02-01 ||| CO_LOOSE id=6951144380 name=""Goldfish 28 Tender"" created=2023-02-01 ||| CO_LOOSE id=6950987196 name=""Goldfish 28 Tender"" created=2023-02-01"
Nimbus 300R - 2005 modell,nimbus-300r---2005-modell,Nimbus,300R,2005,2022-06-08,MULTIPLE_SIG_CANDIDATES,company_loose,"CO_LOOSE id=6951010289 name=""Nimbus 300R"" created=2023-02-01 ||| CO_LOOSE id=6950983399 name=""Nimbus 300R"" created=2023-02-01 ||| CO_LOOSE id=6951018974 name=""Nimbus 300R"" created=2023-02-01"
Hanse 355,hanse-355,Hanse,355,2011,2021-06-30,EXACT_SLUG_PLUS_SIG_DUPES,company_exact,"CO_EXACT id=6950960832 name=""Hanse 355"" created=2023-02-01 ||| BO id=351443141855 name=""Hanse 355"" path=hanse-355 year="
Nimbus 300R,nimbus-300r,Nimbus,300R,2005,2020-02-03,EXACT_SLUG_PLUS_SIG_DUPES,company_exact,"CO_EXACT id=6951010289 name=""Nimbus 300R"" created=2023-02-01 ||| CO_EXACT id=6950983399 name=""Nimbus 300R"" created=2023-02-01 ||| CO_EXACT id=6951018974 name=""Nimbus 300R"" created=2023-02-01 ||| CO_EXACT id=6951018711 name=""Nimbus 300R "" created=2023-02-01 ||| CO_EXACT id=6949571542 name=""Nimbus 300R"" created=2023-02-01 ||| CO_EXACT id=6950976464 name=""Nimbus 300R"" created=2023-02-01 ||| CO_EXACT id=6949571545 name=""Nimbus 300R"" created=2023-02-01 ||| CO_EXACT id=6949571537 name=""Nimbus 300R"" created=2023-02-01 ||| CO_EXACT id=6949587691 name=""Nimbus 300R"" created=2023-02-01 ||| CO_EXACT id=6949587695 name=""Nimbus 300R"" created=2023-02-01 ||| CO_EXACT id=13179203558 name=""Nimbus 300R"" created=2024-08-05 ||| BO id=351443213549 name=""Nimbus 300R"" path=nimbus-300r-2 year=None ||| BO id=351443213554 name=""Nimbus 300R"" path=nimbus-300r-3 year=None ||| BO id=351443213556 name=""Nimbus 300R"" path=nimbus-300r year=None"
Bavaria 37 Cruiser,bavaria-37-cruiser,Bavaria,37 Cruiser,2006,2019-05-15,EXACT_SLUG_PLUS_SIG_DUPES,company_exact,"CO_EXACT id=6950960831 name=""Bavaria 37 Cruiser"" created=2023-02-01 ||| CO_EXACT id=6951005932 name=""Bavaria 37 Cruiser"" created=2023-02-01 ||| CO_EXACT id=6949571547 name=""Bavaria 37 Cruiser"" created=2023-02-01 ||| CO_EXACT id=6950952421 name=""Bavaria 37 Cruiser"" created=2023-02-01 ||| CO_EXACT id=161779874036 name=""Bavaria 37 Cruiser"" created=2025-05-27 ||| CO_EXACT id=172782879944 name=""Bavaria 37 Cruiser"" created=2025-06-13 ||| CO_EXACT id=217690269888 name=""Bavaria 37 Cruiser"" created=2025-08-19 ||| BO id=351443213550 name=""Bavaria 37 Cruiser"" path=bavaria-37-cruiser year=None ||| BO id=351443141841 name=""Bavaria 37 Cruiser"" path=bavaria-37-cruiser-3 year=None ||| BO id=351443141849 name=""Bavaria 37 Cruiser"" path=bavaria-37-cruiser-2 year=None"
Windy 35 Khamsin,windy-35-khamsin,Windy,35 Khamsin,2007,2023-07-15,EXACT_SLUG_PLUS_SIG_DUPES,company_exact,"CO_EXACT id=135948581074 name=""Windy 35 Khamsin"" created=2025-04-23 ||| BO id=351443214533 name=""Windy 35 Khamsin"" path=windy-35-khamsin year=2008"
Goldfish 28 Tender #001,goldfish-28-tender-%23001,Goldfish,28 Tender,2011,2025-06-11,MULTIPLE_SIG_CANDIDATES,company_loose,"CO_LOOSE id=6950960827 name=""Goldfish 28 Tender"" created=2023-02-01 ||| CO_LOOSE id=6951144380 name=""Goldfish 28 Tender"" created=2023-02-01 ||| CO_LOOSE id=6950987196 name=""Goldfish 28 Tender"" created=2023-02-01"
Windy 7500,windy-7500,Windy,7500,2000,2020-04-22,SIGNATURE_MATCH_ONLY,none,
Bavaria 40 Cruiser,bavaria-40-cruiser,Bavaria,40 Cruiser,2011,2019-06-05,EXACT_SLUG_PLUS_SIG_DUPES,company_exact,"CO_EXACT id=6950952422 name=""Bavaria 40 Cruiser"" created=2023-02-01 ||| CO_EXACT id=227291758809 name=""Bavaria 40 Cruiser"" created=2025-09-01 ||| BO id=351443141854 name=""Bavaria 40 Cruiser"" path=bavaria-40-cruiser year=None ||| BO id=351443263681 name=""Bavaria 40 Cruiser"" path=bavaria-40-cruiser-2 year=2012"
Bavaria 40 Vision,bavaria-40-vision,Bavaria,40 Vision,2008,2022-07-05,EXACT_SLUG_PLUS_SIG_DUPES,company_exact,"CO_EXACT id=6951010285 name=""Bavaria 40 Vision"" created=2023-02-01 ||| BO id=351443310801 name=""Bavaria 40 Vision"" path=bavaria-40-vision year=None"
Goldfish 23 Tender - 2018,goldfish-23-tender---2018,Goldfish,23 Tender,2018,2023-04-16,MULTIPLE_SIG_CANDIDATES,company_loose,"CO_LOOSE id=6951015645 name=""Goldfish 23 Tender"" created=2023-02-01 ||| CO_LOOSE id=6951018704 name=""Goldfish 23 Tender"" created=2023-02-01 ||| CO_LOOSE id=6951018708 name=""Goldfish 23 Tender"" created=2023-02-01"
Dufour 44 Performance,dufour-44-performance,Dufour,44 Performance,2006,2025-10-02,EXACT_SLUG_PLUS_SIG_DUPES,company_exact,"CO_EXACT id=119243691251 name=""Dufour 44 Performance"" created=2025-03-21 ||| CO_EXACT id=211970578673 name=""Dufour 44 performance"" created=2025-08-08 ||| BO id=351419698408 name=""Dufour 44 Performance"" path=dufour-44-performance year=None ||| BO id=351419699394 name=""Dufour 44 performance"" path=dufour-44-performance-2 year=2006"
Windy 28 Ghibli - 2001,windy-28-ghibli---2001,Windy,28 Ghibli,2001,2025-08-08,MULTIPLE_SIG_CANDIDATES,company_loose,"CO_LOOSE id=6950952419 name=""Windy 28 Ghibli"" created=2023-02-01 ||| CO_LOOSE id=11487537856 name=""Windy 28 Ghibli"" created=2024-05-01 ||| CO_LOOSE id=13565988841 name=""Windy 28 Ghibli"" created=2024-08-29"
Nimbus 33 Nova,nimbus-33-nova,Nimbus,33 Nova,2003,2020-05-20,EXACT_SLUG_PLUS_SIG_DUPES,company_exact,"CO_EXACT id=6950949067 name=""Nimbus 33 Nova"" created=2023-02-01 ||| CO_EXACT id=130786632939 name=""Nimbus 33 Nova"" created=2025-04-16 ||| CO_EXACT id=178802526434 name=""Nimbus 33 Nova"" created=2025-06-24 ||| BO id=351388463332 name=""Nimbus 33 Nova"" path=nimbus-33-nova year=None ||| BO id=351443293420 name=""Nimbus 33 Nova"" path=nimbus-33-nova-2 year=2003 ||| BO id=351481095403 name=""Nimbus 33 Nova"" path=nimbus-33-nova-3 year=2003"
Beneteau MC6S,beneteau-mc6s,Beneteau,MC6S,2017,2023-07-28,MULTIPLE_SIG_CANDIDATES,none,
Nimbus 35 Nova HT,nimbus-35-nova-ht,Nimbus,35 Nova HT,2005,2019-10-24,EXACT_SLUG_PLUS_SIG_DUPES,company_exact,"CO_EXACT id=6949536720 name=""Nimbus 35 Nova HT"" created=2023-02-01 ||| CO_EXACT id=6950960829 name=""Nimbus 35 Nova HT"" created=2023-02-01 ||| CO_EXACT id=6950987195 name=""Nimbus 35 Nova HT"" created=2023-02-01 ||| BO id=351443213551 name=""Nimbus 35 Nova HT"" path=nimbus-35-nova-ht year=None ||| BO id=351443141858 name=""Nimbus 35 Nova HT"" path=nimbus-35-nova-ht-2 year=None ||| BO id=351482888429 name=""Nimbus 35 Nova HT"" path=nimbus-35-nova-ht-3 year=None"
Hydrolift X-32S R,hydrolift-x-32s-r,Hydrolift,X-32S-R,2021,2025-09-12,EXACT_SLUG_PLUS_SIG_DUPES,company_exact,"CO_EXACT id=224693022936 name=""Hydrolift X-32S R"" created=2025-08-26 ||| BO id=351446935769 name=""Hydrolift X-32S R"" path=hydrolift-x-32s-r year=2021"
Timeless Nordic,timeless-34-nordic,Timeless,Nordic,2018,2025-05-07,NO_MATCH_IN_HUBSPOT,none,
Beneteau Oceanis 37,beneteau-oceanis-37,Beneteau,Oceanis 37,2012,2025-10-30,EXACT_SLUG_PLUS_SIG_DUPES,company_exact,"CO_EXACT id=166495654084 name=""Beneteau Oceanis 37"" created=2025-06-04 ||| CO_LOOSE id=230697351363 name=""Beneteau Oceanis 37 2008"" created=2025-09-04 ||| BO id=351484720341 name=""Beneteau Oceanis 37"" path=beneteau-oceanis-37 year=2010"
Goldfish 38 SuperSport,goldfish-38-supersport,Goldfish,38 Supersport,2016,2024-08-30,EXACT_SLUG_PLUS_SIG_DUPES,company_exact,"CO_EXACT id=127251357901 name=""Goldfish 38 Supersport"" created=2025-04-07 ||| BO id=351414280426 name=""Goldfish 38 Supersport"" path=goldfish-38-supersport year=2018"
Fairline Targa 37,fairline-targa-37,Fairline,Targa 37,1999,2025-10-02,EXACT_SLUG_PLUS_SIG_DUPES,company_exact,"CO_EXACT id=176139690173 name=""Fairline Targa 37"" created=2025-06-19 ||| BO id=351480934644 name=""Fairline Targa 37"" path=fairline-targa-37 year=1997"
Nimbus W9 - 2020,nimbus-w9---2020,Nimbus,W9,2020,2025-10-02,MULTIPLE_SIG_CANDIDATES,company_loose,"CO_LOOSE id=236497644790 name=""Nimbus W9"" created=2025-09-16 ||| CO_LOOSE id=236497644790 name=""Nimbus W9"" created=2025-09-16"
Axopar 37 Cabin,axopar-37-cabin,Axopar,37 Cabin,2018,2020-02-03,EXACT_SLUG_PLUS_SIG_DUPES,company_exact,"CO_EXACT id=211176330480 name=""Axopar 37 Cabin"" created=2025-07-30 ||| BO id=351419699406 name=""Axopar 37 Cabin"" path=axopar-37-cabin year=2019"
Ibiza 811 Touring,ibiza-811-touring,Ibiza,811 Touring,2017,2026-01-05,EXACT_SLUG_PLUS_SIG_DUPES,company_exact,"CO_EXACT id=128740487404 name=""Ibiza 811 Touring"" created=2025-04-10 ||| CO_EXACT id=167641697495 name=""Ibiza 811 Touring"" created=2025-06-05 ||| CO_EXACT id=167641709768 name=""Ibiza 811 Touring"" created=2025-06-05 ||| CO_EXACT id=255765822672 name=""Ibiza 811 Touring"" created=2025-10-07 ||| BO id=351388463341 name=""Ibiza 811 Touring"" path=ibiza-811-touring year=2018 ||| BO id=351361855717 name=""Ibiza 811 Touring"" path=ibiza-811-touring-3 year=2019 ||| BO id=351361855723 name=""Ibiza 811 Touring"" path=ibiza-811-touring-2 year=2022"
Bavaria S36 HT,bavaria-s36-ht,Bavaria,S36 HT,2020,2025-05-19,EXACT_SLUG_PLUS_SIG_DUPES,company_exact,"CO_EXACT id=12409397726 name=""Bavaria S36 HT"" created=2024-06-17 ||| CO_EXACT id=257934666960 name=""Bavaria S36 HT"" created=2025-10-10 ||| BO id=351456244953 name=""Bavaria S36 HT"" path=bavaria-s36-ht year=2020 ||| BO id=350048534758 name=""Bavaria S36 HT"" path=bavaria-s36-ht-2 year=2020"
Anker & Jensen 8mR 1914 Carmen IV,anker-%26-jensen-8mr-1914-carmen-iv,Anker & Jensen,8mR,1914,2021-12-28,NO_MATCH_IN_HUBSPOT,none,
Goldfish 28 Tender #057,goldfish-28-tender-%23057,Goldfish,28 Tender,2022,2025-10-30,MULTIPLE_SIG_CANDIDATES,company_loose,"CO_LOOSE id=6950960827 name=""Goldfish 28 Tender"" created=2023-02-01 ||| CO_LOOSE id=6951144380 name=""Goldfish 28 Tender"" created=2023-02-01 ||| CO_LOOSE id=6950987196 name=""Goldfish 28 Tender"" created=2023-02-01"
Windy 44 Chinook,windy-44-chinook,Windy,44 Chinook,2010,2019-07-16,MULTIPLE_SIG_CANDIDATES,none,
Windy 35 Khamsin 2008 D6-370,windy-35-khamsin-2008-d6-370,Windy,35 Khamsin,2008,2025-08-08,MULTIPLE_SIG_CANDIDATES,company_loose,"CO_LOOSE id=135948581074 name=""Windy 35 Khamsin"" created=2025-04-23 ||| CO_LOOSE id=135948581074 name=""Windy 35 Khamsin"" created=2025-04-23"
Jeanneau Sun Odyssey 36i,jeanneau-sun-odyssey-36i,Jeanneau,Sun Odyssey 36i,2008,2025-10-02,EXACT_SLUG_PLUS_SIG_DUPES,company_exact,"CO_EXACT id=120504938701 name=""Jeanneau Sun Odyssey 36i"" created=2025-03-24 ||| BO id=351484733677 name=""Jeanneau Sun Odyssey 36i"" path=jeanneau-sun-odyssey-36i year=None"
Nimbus T9,nimbus-t9,Nimbus,T9,2019,2025-10-02,EXACT_SLUG_PLUS_SIG_DUPES,company_exact,"CO_EXACT id=13575908075 name=""Nimbus T9"" created=2024-08-30 ||| CO_EXACT id=149828785359 name=""Nimbus T9"" created=2025-05-14 ||| BO id=351484705016 name=""Nimbus T9"" path=nimbus-t9 year=2019 ||| BO id=351390252281 name=""Nimbus T9"" path=nimbus-t9-2 year=2022"
Cormate 35 Chase,cormate-35-chase,Cormate,35 Chase,2023,2025-09-08,MULTIPLE_SIG_CANDIDATES,none,
Baltic Kragerø 34,baltic-krager%C3%B8-34,Baltic Marine,Kragerø Trebåtbyggeri 34,2002,2025-08-08,NO_MATCH_IN_HUBSPOT,none,
Lagoon 52 F,lagoon-52-f,Lagoon,52F,2018,2025-10-13,MULTIPLE_SIG_CANDIDATES,company_loose,"CO_LOOSE id=127093661916 name=""Lagoon 52F"" created=2025-04-07 ||| CO_LOOSE id=127093661916 name=""Lagoon 52F"" created=2025-04-07"
Goldfish 30 Sport #16,goldfish-30-sport-%2316,Goldfish,30 Sport,2021,2025-04-25,MULTIPLE_SIG_CANDIDATES,company_loose,"CO_LOOSE id=10378409207 name=""Goldfish 30 Sport"" created=2024-03-01 ||| CO_LOOSE id=10727408600 name=""Goldfish 30 Sport"" created=2024-03-20 ||| CO_LOOSE id=205710877882 name=""Goldfish 30 Sport"" created=2025-08-04"
Jeanneau SO 49 DS,jeanneau-so-49-ds,Jeanneau,Sun Odyssey 49 DS,2005,2020-02-06,SIGNATURE_MATCH_ONLY,none,
Askeladden C80 Cruiser,askeladden-c80-cruiser,Askeladden,C80 Cruiser,2021,2024-06-06,EXACT_SLUG_PLUS_SIG_DUPES,company_exact,"CO_EXACT id=7226510778 name=""Askeladden c80 Cruiser"" created=2023-03-23 ||| CO_EXACT id=236444828897 name=""Askeladden C80 Cruiser "" created=2025-09-15 ||| BO id=351481028825 name=""Askeladden c80 Cruiser"" path=askeladden-c80-cruiser year=2021 ||| BO id=351443185880 name=""Askeladden C80 Cruiser "" path=askeladden-c80-cruiser-2 year=2021"
Nimbus 30s,nimbus-30s,Nimbus,30S,2008,2019-05-15,EXACT_SLUG_PLUS_SIG_DUPES,company_exact,"CO_EXACT id=6951144181 name=""Nimbus 30S"" created=2023-02-01 ||| BO id=351459866845 name=""Nimbus 30S"" path=nimbus-30s year=None"
Axopar 28 Open,axopar-28-open,Axopar,28 Open,2019,2020-06-05,EXACT_SLUG_PLUS_SIG_DUPES,company_exact,"CO_EXACT id=6951010286 name=""Axopar 28 Open"" created=2023-02-01 ||| CO_EXACT id=12502061552 name=""Axopar 28 Open"" created=2024-06-24 ||| CO_EXACT id=152330404058 name=""Axopar 28 open"" created=2025-05-16 ||| CO_EXACT id=173084138732 name=""Axopar 28 Open"" created=2025-06-12 ||| CO_EXACT id=175474256094 name=""Axopar 28 open"" created=2025-06-18 ||| CO_LOOSE id=7365936570 name=""Axopar 28 Open - 2017"" created=2023-04-14 ||| BO id=351443310785 name=""Axopar 28 Open"" path=axopar-28-open year=None ||| BO id=351479119062 name=""Axopar 28 Open"" path=axopar-28-open-2 year=2019 ||| BO id=351390252279 name=""Axopar 28 open"" path=axopar-28-open-3 year=2020"
Goldfish 23 Tender 2017,goldfish-23-tender-2017,Goldfish,23 Tender,2017,2020-09-12,MULTIPLE_SIG_CANDIDATES,company_loose,"CO_LOOSE id=6951015645 name=""Goldfish 23 Tender"" created=2023-02-01 ||| CO_LOOSE id=6951018704 name=""Goldfish 23 Tender"" created=2023-02-01 ||| CO_LOOSE id=6951018708 name=""Goldfish 23 Tender"" created=2023-02-01"
Nimbus 250R,nimbus-250r,Nimbus,250R,2005,2020-06-26,EXACT_SLUG_PLUS_SIG_DUPES,company_exact,"CO_EXACT id=6951010283 name=""Nimbus 250R"" created=2023-02-01 ||| CO_EXACT id=6949571539 name=""Nimbus 250R"" created=2023-02-01 ||| CO_EXACT id=6950952418 name=""Nimbus 250R"" created=2023-02-01 ||| CO_EXACT id=6951001538 name=""Nimbus 250R"" created=2023-02-01 ||| CO_EXACT id=6949587687 name=""Nimbus 250R"" created=2023-02-01 ||| CO_EXACT id=6949571541 name=""Nimbus 250R"" created=2023-02-01 ||| BO id=351443213547 name=""Nimbus 250R"" path=nimbus-250r-2 year=None ||| BO id=351443213557 name=""Nimbus 250R"" path=nimbus-250r year=None ||| BO id=351388463324 name=""Nimbus 250R"" path=nimbus-250r-3 year=None"
Nordkapp 760 Noblesse,nordkapp-760-noblesse,Nordkapp,760 Noblesse,2011,2021-04-16,SIGNATURE_MATCH_ONLY,none,
Princess 25M,princess-25m,Princess,25M,2003,2021-05-03,EXACT_SLUG_PLUS_SIG_DUPES,company_exact,"CO_EXACT id=6950983400 name=""Princess 25m"" created=2023-02-01 ||| BO id=351482888418 name=""Princess 25m"" path=princess-25m year=None"
Beneteau 41 Swift Trawler Sedan,beneteau-41-swift-trawler-sedan,Beneteau,41 Swift Trawler Sedan,2021,2025-09-12,MULTIPLE_SIG_CANDIDATES,none,
Sandvik 945,sandvik-945,Sandvik,945,2012,2025-07-23,EXACT_SLUG_PLUS_SIG_DUPES,company_exact,"CO_EXACT id=6950983402 name=""Sandvik 945"" created=2023-02-01 ||| CO_EXACT id=111106950379 name=""Sandvik 945"" created=2025-03-06 ||| BO id=351482888434 name=""Sandvik 945"" path=sandvik-945 year=None ||| BO id=351443171557 name=""Sandvik 945"" path=sandvik-945-2 year=2012"
Goldfish 30 Sport #002,goldfish-30-sport,Goldfish,30 Sport,2021,2025-09-08,EXACT_SLUG_PLUS_SIG_DUPES,company_loose,"CO_LOOSE id=10378409207 name=""Goldfish 30 Sport"" created=2024-03-01 ||| CO_LOOSE id=10727408600 name=""Goldfish 30 Sport"" created=2024-03-20 ||| CO_LOOSE id=205710877882 name=""Goldfish 30 Sport"" created=2025-08-04"
Axopar 37,axopar-37-,Axopar,37,2018,2020-02-03,MULTIPLE_SIG_CANDIDATES,none,
Marex 360 CC,marex-360-cc,Marex,360 CC,2021,2024-08-30,EXACT_SLUG_PLUS_SIG_DUPES,company_exact,"CO_EXACT id=167650783435 name=""Marex 360 CC"" created=2025-06-06 ||| CO_LOOSE id=324504408252 name=""Marex 360 CC (Danmark) "" created=2025-12-03 ||| BO id=350048534723 name=""Marex 360 CC"" path=marex-360-cc year=2021"
Beneteau Swift Trawler 34,beneteau-swift-trawler-34,Beneteau,Swift Trawler 34,2011,2020-02-03,MULTIPLE_SIG_CANDIDATES,none,
Askeladden C83,askeladden-c83,Askeladden,C83,2021,2025-07-09,EXACT_SLUG_PLUS_SIG_DUPES,company_exact,"CO_EXACT id=7937231295 name=""Askeladden C83"" created=2023-06-29 ||| CO_EXACT id=106660960482 name=""Askeladden c83"" created=2025-02-27 ||| CO_EXACT id=251034253549 name=""Askeladden C83"" created=2025-10-06 ||| CO_EXACT id=266635496647 name=""Askeladden C83"" created=2025-10-21 ||| CO_EXACT id=292329727210 name=""Askeladden C83"" created=2025-11-06 ||| BO id=351443280105 name=""Askeladden C83"" path=askeladden-c83 year=2021 ||| BO id=351475308733 name=""Askeladden c83"" path=askeladden-c83-2 year=2021 ||| BO id=351480981733 name=""Askeladden C83"" path=askeladden-c83-3 year=2020"
Goldfish 30 Sport - 2022 #023,goldfish-30-sport---2022-%23023,Goldfish,30 Sport,2022,2024-05-30,MULTIPLE_SIG_CANDIDATES,company_loose,"CO_LOOSE id=10378409207 name=""Goldfish 30 Sport"" created=2024-03-01 ||| CO_LOOSE id=10727408600 name=""Goldfish 30 Sport"" created=2024-03-20 ||| CO_LOOSE id=205710877882 name=""Goldfish 30 Sport"" created=2025-08-04"
Goldfish 23 Tender mkIII,goldfish-23-tender-mkiii,Goldifsh,23 Tender mkIII,2021,2023-07-15,NO_MATCH_IN_HUBSPOT,none,
Goldfish 28 Tender #069,goldfish-28-tender-%23069,Goldfish,28 Tender,2023,2025-07-28,MULTIPLE_SIG_CANDIDATES,company_loose,"CO_LOOSE id=6950960827 name=""Goldfish 28 Tender"" created=2023-02-01 ||| CO_LOOSE id=6951144380 name=""Goldfish 28 Tender"" created=2023-02-01 ||| CO_LOOSE id=6950987196 name=""Goldfish 28 Tender"" created=2023-02-01"
Nimbus 300R,nimbus-300r,Nimbus,300R,2006,2020-02-03,EXACT_SLUG_PLUS_SIG_DUPES,company_exact,"CO_EXACT id=6951010289 name=""Nimbus 300R"" created=2023-02-01 ||| CO_EXACT id=6950983399 name=""Nimbus 300R"" created=2023-02-01 ||| CO_EXACT id=6951018974 name=""Nimbus 300R"" created=2023-02-01 ||| CO_EXACT id=6951018711 name=""Nimbus 300R "" created=2023-02-01 ||| CO_EXACT id=6949571542 name=""Nimbus 300R"" created=2023-02-01 ||| CO_EXACT id=6950976464 name=""Nimbus 300R"" created=2023-02-01 ||| CO_EXACT id=6949571545 name=""Nimbus 300R"" created=2023-02-01 ||| CO_EXACT id=6949571537 name=""Nimbus 300R"" created=2023-02-01 ||| CO_EXACT id=6949587691 name=""Nimbus 300R"" created=2023-02-01 ||| CO_EXACT id=6949587695 name=""Nimbus 300R"" created=2023-02-01 ||| CO_EXACT id=13179203558 name=""Nimbus 300R"" created=2024-08-05 ||| BO id=351443213549 name=""Nimbus 300R"" path=nimbus-300r-2 year=None ||| BO id=351443213554 name=""Nimbus 300R"" path=nimbus-300r-3 year=None ||| BO id=351443213556 name=""Nimbus 300R"" path=nimbus-300r year=None"
Goldfish 30 Sport - 2021 #009,goldfish-30-sport---2021-%23009,Goldfish,30 Sport,2021,2025-06-24,MULTIPLE_SIG_CANDIDATES,company_loose,"CO_LOOSE id=10378409207 name=""Goldfish 30 Sport"" created=2024-03-01 ||| CO_LOOSE id=10727408600 name=""Goldfish 30 Sport"" created=2024-03-20 ||| CO_LOOSE id=205710877882 name=""Goldfish 30 Sport"" created=2025-08-04"
Goldfish 28 Tender #60,goldfish-28-tender-%2360,Goldfish,28 Tender,2022,2025-07-04,MULTIPLE_SIG_CANDIDATES,company_loose,"CO_LOOSE id=6950960827 name=""Goldfish 28 Tender"" created=2023-02-01 ||| CO_LOOSE id=6951144380 name=""Goldfish 28 Tender"" created=2023-02-01 ||| CO_LOOSE id=6950987196 name=""Goldfish 28 Tender"" created=2023-02-01"
Targa 44 Fly,targa-44-fly,Targa,44 Fly,2012,2024-01-26,SIGNATURE_MATCH_ONLY,none,
Nimbus 320 Coupè - 2003,nimbus-320-coup%C3%A8---2003,Nimbus,320 Coupé,2003,2020-03-14,MULTIPLE_SIG_CANDIDATES,company_loose,"CO_LOOSE id=6949536717 name=""Nimbus 320 Coupé"" created=2023-02-01 ||| CO_LOOSE id=6950983397 name=""Nimbus 320 Coupé"" created=2023-02-01 ||| CO_LOOSE id=6949571538 name=""Nimbus 320 Coupé"" created=2023-02-01"
Nordkapp 720 Noblesse,nordkapp-720-noblesse,Nordkapp,720 Noblesse,2022,2022-07-05,EXACT_SLUG_PLUS_SIG_DUPES,company_exact,"CO_EXACT id=6951010288 name=""Nordkapp 720 Noblesse"" created=2023-02-01 ||| BO id=351443310789 name=""Nordkapp 720 Noblesse"" path=nordkapp-720-noblesse year=None"
Paragon 25 Cabin,paragon-25-cabin,Paragon,25 Cabin,2009,2025-10-30,EXACT_SLUG_PLUS_SIG_DUPES,company_exact,"CO_EXACT id=179832078576 name=""Paragon 25 Cabin"" created=2025-06-26 ||| BO id=351481058520 name=""Paragon 25 Cabin"" path=paragon-25-cabin year=2009"
Goldfish 28 Tender,goldfish-28-tender,Goldfish,28 Tender,2011,2020-02-03,EXACT_SLUG_PLUS_SIG_DUPES,company_exact,"CO_EXACT id=6950960827 name=""Goldfish 28 Tender"" created=2023-02-01 ||| CO_EXACT id=6951144380 name=""Goldfish 28 Tender"" created=2023-02-01 ||| CO_EXACT id=6950987196 name=""Goldfish 28 Tender"" created=2023-02-01 ||| CO_EXACT id=11919865825 name=""Goldfish 28 Tender"" created=2024-05-21 ||| CO_EXACT id=12447550651 name=""Goldfish 28 Tender"" created=2024-06-20 ||| CO_EXACT id=105393255638 name=""Goldfish 28 Tender "" created=2025-02-25 ||| CO_EXACT id=141646604488 name=""Goldfish 28 Tender"" created=2025-04-29 ||| CO_EXACT id=240103406787 name=""Goldfish 28 tender"" created=2025-09-22 ||| CO_LOOSE id=127193235647 name=""Goldfish 28 Tender 2017"" created=2025-04-07 ||| BO id=351443141853 name=""Goldfish 28 Tender"" path=goldfish-28-tender year=None ||| BO id=351482888432 name=""Goldfish 28 Tender"" path=goldfish-28-tender-2 year=None ||| BO id=351482888440 name=""Goldfish 28 Tender"" path=goldfish-28-tender-3 year="
Axopar 28 Cabin,axopar-28-cabin,Axopar,28 Cabin,2022,2024-01-26,EXACT_SLUG_PLUS_SIG_DUPES,company_exact,"CO_EXACT id=146778873028 name=""Axopar 28 Cabin"" created=2025-05-08 ||| CO_EXACT id=152376979682 name=""Axopar 28 cabin"" created=2025-05-16 ||| CO_EXACT id=161780077807 name=""Axopar 28 Cabin"" created=2025-05-27 ||| CO_EXACT id=178803005642 name=""Axopar 28 Cabin"" created=2025-06-25 ||| CO_EXACT id=220533154026 name=""Axopar 28 Cabin"" created=2025-08-20 ||| BO id=351390252280 name=""Axopar 28 Cabin"" path=axopar-28-cabin year=2022 ||| BO id=351443214550 name=""Axopar 28 cabin"" path=axopar-28-cabin-2 year=2021 ||| BO id=351484720343 name=""Axopar 28 Cabin"" path=axopar-28-cabin-3 year=2018"
Goldfish 28 Bullet #024,goldfish-28-bullet-%23024,Goldfish,28 Bullet,2021,2025-09-17,MULTIPLE_SIG_CANDIDATES,company_exact,"CO_EXACT id=226496567514 name=""Goldfish 28 Bullet #024"" created=2025-09-02 ||| CO_LOOSE id=107115276479 name=""Goldfish 28 Bullet"" created=2025-02-28 ||| CO_LOOSE id=116472478919 name=""Goldfish 28 Bullet"" created=2025-03-18 ||| CO_LOOSE id=175243087045 name=""Goldfish 28 Bullet"" created=2025-06-17 ||| BO id=351443263688 name=""Goldfish 28 Bullet #024"" path=goldfish-28-bullet-024 year=2021"
Nimbus 230R,nimbus-230r,Nimbus,230R,2006,2019-07-18,EXACT_SLUG_PLUS_SIG_DUPES,company_exact,"CO_EXACT id=6949587689 name=""Nimbus 230R"" created=2023-02-01 ||| CO_EXACT id=6950987194 name=""Nimbus 230R"" created=2023-02-01 ||| CO_EXACT id=112789575926 name=""Nimbus 230R"" created=2025-03-10 ||| CO_EXACT id=130786492650 name=""Nimbus 230R"" created=2025-04-16 ||| CO_EXACT id=207996927192 name=""Nimbus 230R"" created=2025-08-04 ||| CO_EXACT id=222182554828 name=""Nimbus 230R"" created=2025-08-25 ||| BO id=351388463331 name=""Nimbus 230R"" path=nimbus-230r year=None ||| BO id=351482888419 name=""Nimbus 230R"" path=nimbus-230r-2 year=None ||| BO id=351443229934 name=""Nimbus 230R"" path=nimbus-230r-3 year=2007"
Bavaria E34 Fly,bavaria-e34-fly,Bavaria,E34 Fly,2019,2024-01-26,MULTIPLE_SIG_CANDIDATES,none,
Nimbus 230R - 2007,nimbus-230r---2007,Nimbus,230R,2007,2025-09-08,MULTIPLE_SIG_CANDIDATES,company_loose,"CO_LOOSE id=6949587689 name=""Nimbus 230R"" created=2023-02-01 ||| CO_LOOSE id=6950987194 name=""Nimbus 230R"" created=2023-02-01 ||| CO_LOOSE id=112789575926 name=""Nimbus 230R"" created=2025-03-10"
Paragon 31 Fly,paragon-31-fly,Paragon,31 Fly,2014,2025-06-18,EXACT_SLUG_PLUS_SIG_DUPES,company_exact,"CO_EXACT id=12679376576 name=""Paragon 31 Fly"" created=2024-07-04 ||| CO_EXACT id=135209578716 name=""Paragon 31 Fly"" created=2025-04-22 ||| CO_EXACT id=175288829151 name=""Paragon 31 fly"" created=2025-06-18 ||| CO_EXACT id=179934781660 name=""Paragon 31 Fly"" created=2025-06-26 ||| CO_EXACT id=225250534620 name=""Paragon 31 Fly"" created=2025-08-27 ||| CO_EXACT id=270950171839 name=""Paragon 31 Fly"" created=2025-10-24 ||| BO id=351479119064 name=""Paragon 31 Fly"" path=paragon-31-fly year=2014 ||| BO id=351443214527 name=""Paragon 31 Fly"" path=paragon-31-fly-2 year=2011 ||| BO id=351443089646 name=""Paragon 31 fly"" path=paragon-31-fly-3 year=2009"
Goldfish 29 Sport - 2020,goldfish-29-sport---2020,Goldfish,29 Sport,2020,2021-05-18,MULTIPLE_SIG_CANDIDATES,company_loose,"CO_LOOSE id=6949536716 name=""Goldfish 29 Sport"" created=2023-02-01 ||| CO_LOOSE id=6951005935 name=""Goldfish 29 Sport"" created=2023-02-01 ||| CO_LOOSE id=6951018971 name=""Goldfish 29 Sport"" created=2023-02-01"
Goldfish 30 Sport #038,goldfish-30-sport-%23038,Goldfish,30 Sport,2023,2025-02-28,MULTIPLE_SIG_CANDIDATES,company_loose,"CO_LOOSE id=10378409207 name=""Goldfish 30 Sport"" created=2024-03-01 ||| CO_LOOSE id=10727408600 name=""Goldfish 30 Sport"" created=2024-03-20 ||| CO_LOOSE id=205710877882 name=""Goldfish 30 Sport"" created=2025-08-04"
Brig Eagle 8 Hankø Edition,brig-eagle-8-hank%C3%B8-edition,Brig,E8H,2023,2024-06-06,MULTIPLE_SIG_CANDIDATES,none,
Goldfish X12 Endurance,goldfish-x12-endurance,Goldfish,X12 Endurance,2019,2020-09-29,MULTIPLE_SIG_CANDIDATES,none,
Nimbus 320 Coupé,nimbus-320-coup%C3%A9,Nimbus,320 Coupé,2003,2019-05-15,MULTIPLE_SIG_CANDIDATES,company_exact,"CO_EXACT id=6949536717 name=""Nimbus 320 Coupé"" created=2023-02-01 ||| CO_EXACT id=6950983397 name=""Nimbus 320 Coupé"" created=2023-02-01 ||| CO_EXACT id=6949571538 name=""Nimbus 320 Coupé"" created=2023-02-01 ||| BO id=351443213555 name=""Nimbus 320 Coupé"" path=nimbus-320-coupe-2 year=None ||| BO id=351443213558 name=""Nimbus 320 Coupé"" path=nimbus-320-coupe year=None ||| BO id=351482888422 name=""Nimbus 320 Coupé"" path=nimbus-320-coupe-4 year=None"
Bavaria 330 Sport HT,bavaria-330-sport-ht,Bavaria,330 Sport HT,2016,2024-01-26,MULTIPLE_SIG_CANDIDATES,none,
Bavaria 37 AC,bavaria-37-ac,Bavaria,37 AC,2000,2019-05-15,MULTIPLE_SIG_CANDIDATES,none,
Askeladden C83 Cruiser,askeladden-c83-cruiser,Askeladden,C83 Cruiser,2021,2024-01-26,EXACT_SLUG_PLUS_SIG_DUPES,company_exact,"CO_EXACT id=176440389865 name=""Askeladden C83 Cruiser"" created=2025-06-20 ||| CO_EXACT id=348292981981 name=""Askeladden C83 Cruiser "" created=2026-01-05 ||| BO id=351480934640 name=""Askeladden C83 Cruiser"" path=askeladden-c83-cruiser year=2019"
Bavaria 35 Sport,bavaria-35-sport,Bavaria,35 Sport,2005,2025-09-11,EXACT_SLUG_PLUS_SIG_DUPES,company_exact,"CO_EXACT id=168381073652 name=""Bavaria 35 Sport"" created=2025-06-06 ||| CO_EXACT id=173640130807 name=""Bavaria 35 Sport"" created=2025-06-13 ||| BO id=350048534720 name=""Bavaria 35 Sport"" path=bavaria-35-sport year=2007 ||| BO id=351446910176 name=""Bavaria 35 Sport"" path=bavaria-35-sport-2 year=2005"
Nimbus 34 Nova,nimbus-34-nova,Nimbus,34 Nova,2017,2020-09-01,SIGNATURE_MATCH_ONLY,none,
Fairline Squadron 55,fairline-squadron-55,Fairline,Squadron 55,2002,2025-12-17,EXACT_SLUG_PLUS_SIG_DUPES,company_exact,"CO_EXACT id=13793421813 name=""Fairline Squadron 55"" created=2024-09-07 ||| BO id=351484704998 name=""Fairline Squadron 55"" path=fairline-squadron-55 year=2002"
Goldfish 28 Tender #064,goldfish-28-tender-%23064,Goldfish,28 Tender,2022,2025-11-11,MULTIPLE_SIG_CANDIDATES,company_exact,"CO_EXACT id=217555123389 name=""Goldfish 28 Tender #064"" created=2025-08-15 ||| CO_LOOSE id=6950960827 name=""Goldfish 28 Tender"" created=2023-02-01 ||| CO_LOOSE id=6951144380 name=""Goldfish 28 Tender"" created=2023-02-01 ||| CO_LOOSE id=6950987196 name=""Goldfish 28 Tender"" created=2023-02-01 ||| BO id=351419699407 name=""Goldfish 28 Tender #064"" path=goldfish-28-tender-064 year=2022"
Nimbus W9 T-Top Mercury 300,nimbus-w9-t-top-mercury-300,Nimbus,W9 T-Top,2018,2025-10-02,MULTIPLE_SIG_CANDIDATES,company_loose,"CO_LOOSE id=11366389752 name=""Nimbus W9 T-Top"" created=2024-04-24 ||| CO_LOOSE id=130926451950 name=""Nimbus W9 t-top"" created=2025-04-16 ||| CO_LOOSE id=11366389752 name=""Nimbus W9 T-Top"" created=2024-04-24"
Nimbus 230R - Bensin,nimbus-230r---bensin,Nimbus,230R,2005,2025-07-23,MULTIPLE_SIG_CANDIDATES,company_loose,"CO_LOOSE id=6949587689 name=""Nimbus 230R"" created=2023-02-01 ||| CO_LOOSE id=6950987194 name=""Nimbus 230R"" created=2023-02-01 ||| CO_LOOSE id=112789575926 name=""Nimbus 230R"" created=2025-03-10"
Windy 37 Grand Mistral,windy-37-grand-mistral,Windy,37 Grand Mistral,2008,2025-03-27,MULTIPLE_SIG_CANDIDATES,boat_name,"BO id=199292475598 name=""Windy 37 Grand Mistral"" path=23015-windy-37-grand-mistral year=2008"
Scand Baltic 29,scand-baltic-29,Scand,Baltic 29,2005,2025-06-28,EXACT_SLUG_PLUS_SIG_DUPES,company_exact,"CO_EXACT id=6950973117 name=""Scand Baltic 29"" created=2023-02-01 ||| BO id=351414280421 name=""Scand Baltic 29"" path=scand-baltic-29 year=None"
Nimbus 305 Drophead,nimbus-305-drophead,Nimbus,305 Drophead,2019,2023-04-16,EXACT_SLUG_PLUS_SIG_DUPES,company_exact,"CO_EXACT id=6950976457 name=""Nimbus 305 Drophead"" created=2023-02-01 ||| BO id=351414280417 name=""Nimbus 305 Drophead"" path=nimbus-305-drophead year=None"
Beneteau MC5,beneteau-mc5,Beneteau,Monte Carlo 5,2015,2023-07-15,MULTIPLE_SIG_CANDIDATES,none,
Goldfish 38 Sport,goldfish-38-sport,Goldfish,30 Sport,2023,2025-03-27,MULTIPLE_SIG_CANDIDATES,company_loose,"CO_LOOSE id=10378409207 name=""Goldfish 30 Sport"" created=2024-03-01 ||| CO_LOOSE id=10727408600 name=""Goldfish 30 Sport"" created=2024-03-20 ||| CO_LOOSE id=205710877882 name=""Goldfish 30 Sport"" created=2025-08-04"
Nimbus T11,nimbus-t11,Nimbus,T11,2023,2025-03-12,EXACT_SLUG_PLUS_SIG_DUPES,company_exact,"CO_EXACT id=12272273140 name=""Nimbus T11"" created=2024-06-08 ||| BO id=351456244950 name=""Nimbus T11"" path=nimbus-t11 year=2023"
Axopar 25 Cross Bow,axopar-25-cross-bow,Axopar,25 Cross Bow,2023,2025-06-11,EXACT_SLUG_PLUS_SIG_DUPES,company_exact,"CO_EXACT id=107658613978 name=""Axopar 25 Cross Bow"" created=2025-02-28 ||| BO id=351475308730 name=""Axopar 25 Cross Bow"" path=axopar-25-cross-bow year=None"
Ibiza 811 T Special Edition,ibiza-881-t-special-edition,Ibiza,811 T Special Edition,2019,2025-12-17,MULTIPLE_SIG_CANDIDATES,none,
Beneteau Gran Turismo 38,beneteau-gran-turismo-38,Beneteau,Gran Turismo 38,2012,2024-08-30,MULTIPLE_SIG_CANDIDATES,none,
Nimbus 230R,nimbus-230r,Nimbus,230R,2007,2025-06-11,EXACT_SLUG_PLUS_SIG_DUPES,company_exact,"CO_EXACT id=6949587689 name=""Nimbus 230R"" created=2023-02-01 ||| CO_EXACT id=6950987194 name=""Nimbus 230R"" created=2023-02-01 ||| CO_EXACT id=112789575926 name=""Nimbus 230R"" created=2025-03-10 ||| CO_EXACT id=130786492650 name=""Nimbus 230R"" created=2025-04-16 ||| CO_EXACT id=207996927192 name=""Nimbus 230R"" created=2025-08-04 ||| CO_EXACT id=222182554828 name=""Nimbus 230R"" created=2025-08-25 ||| BO id=351388463331 name=""Nimbus 230R"" path=nimbus-230r year=None ||| BO id=351482888419 name=""Nimbus 230R"" path=nimbus-230r-2 year=None ||| BO id=351443229934 name=""Nimbus 230R"" path=nimbus-230r-3 year=2007"
Flipper 760 DC,flipper-760-dc,Flipper,760 DC,2017,2020-02-03,SIGNATURE_MATCH_ONLY,none,
Elan Power 35 HT,elan-power-35-ht,Elan,Power 35 HT,2006,2025-10-02,EXACT_SLUG_PLUS_SIG_DUPES,company_exact,"CO_EXACT id=172782715087 name=""Elan Power 35 HT"" created=2025-06-13 ||| BO id=351446910173 name=""Elan Power 35 HT"" path=elan-power-35-ht year=2006"
Axopar 28 Open 2019,axopar-28-open-2019,Axopar,28 Open,2019,2025-06-11,MULTIPLE_SIG_CANDIDATES,company_loose,"CO_LOOSE id=6951010286 name=""Axopar 28 Open"" created=2023-02-01 ||| CO_LOOSE id=12502061552 name=""Axopar 28 Open"" created=2024-06-24 ||| CO_LOOSE id=152330404058 name=""Axopar 28 open"" created=2025-05-16"
Nimbus W9 T-Top,nimbus-w9-t-top,Nimbus,W9,2020,2025-06-11,EXACT_SLUG_PLUS_SIG_DUPES,company_exact,"CO_EXACT id=11366389752 name=""Nimbus W9 T-Top"" created=2024-04-24 ||| CO_EXACT id=130926451950 name=""Nimbus W9 t-top"" created=2025-04-16 ||| CO_LOOSE id=236497644790 name=""Nimbus W9"" created=2025-09-16 ||| CO_LOOSE id=236497644790 name=""Nimbus W9"" created=2025-09-16 ||| BO id=351481042113 name=""Nimbus W9 T-Top"" path=nimbus-w9-t-top year=2020 ||| BO id=351443293406 name=""Nimbus W9 t-top"" path=nimbus-w9-t-top-2 year=2018"
Axopar 37 Sports Cabin,axopar-37-sports-cabin,Axopar,37 Sports Cabin,2018,2020-05-21,MULTIPLE_SIG_CANDIDATES,none,
Nimbus 300R,nimbus-300r,Nimbus,300R,2005,2019-05-15,EXACT_SLUG_PLUS_SIG_DUPES,company_exact,"CO_EXACT id=6951010289 name=""Nimbus 300R"" created=2023-02-01 ||| CO_EXACT id=6950983399 name=""Nimbus 300R"" created=2023-02-01 ||| CO_EXACT id=6951018974 name=""Nimbus 300R"" created=2023-02-01 ||| CO_EXACT id=6951018711 name=""Nimbus 300R "" created=2023-02-01 ||| CO_EXACT id=6949571542 name=""Nimbus 300R"" created=2023-02-01 ||| CO_EXACT id=6950976464 name=""Nimbus 300R"" created=2023-02-01 ||| CO_EXACT id=6949571545 name=""Nimbus 300R"" created=2023-02-01 ||| CO_EXACT id=6949571537 name=""Nimbus 300R"" created=2023-02-01 ||| CO_EXACT id=6949587691 name=""Nimbus 300R"" created=2023-02-01 ||| CO_EXACT id=6949587695 name=""Nimbus 300R"" created=2023-02-01 ||| CO_EXACT id=13179203558 name=""Nimbus 300R"" created=2024-08-05 ||| BO id=351443213549 name=""Nimbus 300R"" path=nimbus-300r-2 year=None ||| BO id=351443213554 name=""Nimbus 300R"" path=nimbus-300r-3 year=None ||| BO id=351443213556 name=""Nimbus 300R"" path=nimbus-300r year=None"
Nimbus 300R,nimbus-300r,Nimbus,300R,2006,2022-03-02,EXACT_SLUG_PLUS_SIG_DUPES,company_exact,"CO_EXACT id=6951010289 name=""Nimbus 300R"" created=2023-02-01 ||| CO_EXACT id=6950983399 name=""Nimbus 300R"" created=2023-02-01 ||| CO_EXACT id=6951018974 name=""Nimbus 300R"" created=2023-02-01 ||| CO_EXACT id=6951018711 name=""Nimbus 300R "" created=2023-02-01 ||| CO_EXACT id=6949571542 name=""Nimbus 300R"" created=2023-02-01 ||| CO_EXACT id=6950976464 name=""Nimbus 300R"" created=2023-02-01 ||| CO_EXACT id=6949571545 name=""Nimbus 300R"" created=2023-02-01 ||| CO_EXACT id=6949571537 name=""Nimbus 300R"" created=2023-02-01 ||| CO_EXACT id=6949587691 name=""Nimbus 300R"" created=2023-02-01 ||| CO_EXACT id=6949587695 name=""Nimbus 300R"" created=2023-02-01 ||| CO_EXACT id=13179203558 name=""Nimbus 300R"" created=2024-08-05 ||| BO id=351443213549 name=""Nimbus 300R"" path=nimbus-300r-2 year=None ||| BO id=351443213554 name=""Nimbus 300R"" path=nimbus-300r-3 year=None ||| BO id=351443213556 name=""Nimbus 300R"" path=nimbus-300r year=None"
Goldfish 28 RIB,goldfish-28-rib,Goldfish,28 RIB,2004,2021-05-06,EXACT_SLUG_PLUS_SIG_DUPES,company_exact,"CO_EXACT id=6951015651 name=""Goldfish 28 RIB"" created=2023-02-01 ||| BO id=351443310790 name=""Goldfish 28 RIB"" path=goldfish-28-rib year=None"
Nimbus C11,nimbus-c11,Nimbus,C11,2021,2023-05-30,MULTIPLE_SIG_CANDIDATES,none,
Goldfish 30 Sport - 2022,goldfish-30-sport---2022,Goldfish,30 Sport,2022,2024-04-10,MULTIPLE_SIG_CANDIDATES,company_loose,"CO_LOOSE id=10378409207 name=""Goldfish 30 Sport"" created=2024-03-01 ||| CO_LOOSE id=10727408600 name=""Goldfish 30 Sport"" created=2024-03-20 ||| CO_LOOSE id=205710877882 name=""Goldfish 30 Sport"" created=2025-08-04"
Windy 28 Ghibli KAD 300,windy-28-ghibli-kad-300,Windy,28 Ghibli,2004,2025-08-08,MULTIPLE_SIG_CANDIDATES,company_loose,"CO_LOOSE id=6950952419 name=""Windy 28 Ghibli"" created=2023-02-01 ||| CO_LOOSE id=11487537856 name=""Windy 28 Ghibli"" created=2024-05-01 ||| CO_LOOSE id=13565988841 name=""Windy 28 Ghibli"" created=2024-08-29"
Nordkapp Grand Coupe 905 - 2x300HK,nordkapp-grand-coupe-905---2x300hk,Nordkapp,Grand Coupe 905,2020,2025-10-02,MULTIPLE_SIG_CANDIDATES,none,
Goldfish 38 SuperSport #023,goldfish-38-supersport-%23023,Goldfish,38 SuperSport,2019,2025-05-04,MULTIPLE_SIG_CANDIDATES,company_exact,"CO_EXACT id=124167129337 name=""Goldfish 38 Supersport #023"" created=2025-04-01 ||| CO_LOOSE id=127251357901 name=""Goldfish 38 Supersport"" created=2025-04-07 ||| CO_LOOSE id=127251357901 name=""Goldfish 38 Supersport"" created=2025-04-07 ||| BO id=351479077102 name=""Goldfish 38 Supersport #023"" path=goldfish-38-supersport-023 year=2019"
